State,Rated Flood Zones," Losses
Single Family Dwelling "," Payments
Single Family Dwelling "," Losses
2-4 Family Dwelling "," Payments
2-4 Family Dwelling "," Losses
Other Residential "," Payments
Other Residential "," Losses
Non-Residential 
Small Business "," Payments
Non-Residential
Small Business "," Losses
Non-Residential
Non-Small Business "," Payments
Non-Residential
Non-Small Business "," Losses
Non-Business
Non-Residential "," Payments
Non-Business
Non-Residential "," Losses
Unknown "," Payments
Unknown ", Total Losses , Total Net Payments ,
GRAND TOTAL,," 2,215,870 "," $62,578,449,222 "," 154,628 "," $3,949,415,644 "," 107,544 "," $5,618,050,522 "," 13,264 "," $947,627,049 "," 178,666 "," $6,591,929,491 "," 38,366 "," $2,806,057,830 ", 586 ," $3,576,111 "," 2,708,924 "," $82,495,105,868 ",
ALABAMA,A," 1,651 "," $21,739,090 ", 44 ," $467,528 ", 100 ," $3,125,580 ", -   , $-   , 133 ," $3,277,949 ", 5 ," $738,905 ", -   , $-   ," 1,933 "," $29,349,052 ",
ALABAMA,AE," 20,003 "," $446,755,711 "," 1,137 "," $16,529,306 "," 1,001 "," $70,353,642 ", 93 ," $7,425,430 "," 1,658 "," $95,264,917 ", 297 ," $21,244,435 ", 5 ," $359,173 "," 24,194 "," $657,932,614 ",
ALABAMA,AH, 6 ," $4,872 ", -   , $-   , -   , $-   , -   , $-   , 6 ," $126,377 ", -   , $-   , -   , $-   , 12 ," $131,249 ",
ALABAMA,AO, 5 ," $17,267 ", 3 , $-   , -   , $-   , -   , $-   , -   , $-   , -   , $-   , -   , $-   , 8 ," $17,267 ",
ALABAMA,BLANK, 247 ," $1,993,369 ", 2 ," $23,007 ", -   , $-   , -   , $-   , 2 ," $2,126 ", -   , $-   , -   , $-   , 251 ," $2,018,502 ",
ALABAMA,D, 152 ," $2,096,167 ", 1 , $514 , 2 ," $2,508 ", -   , $-   , 11 ," $117,664 ", -   , $-   , -   , $-   , 166 ," $2,216,852 ",
ALABAMA,EMG, 663 ," $1,857,034 ", 79 ," $217,034 ", 43 ," $90,803 ", -   , $-   , 107 ," $595,518 ", -   , $-   , -   , $-   , 892 ," $2,760,389 ",
ALABAMA,VE," 6,675 "," $130,844,842 ", 571 ," $10,567,445 ", 622 ," $30,087,505 ", 3 , $-   , 510 ," $30,198,312 ", 32 ," $1,247,159 ", 1 ," $7,557 "," 8,414 "," $202,952,820 ",
ALABAMA,X," 6,846 "," $134,364,576 ", 211 ," $5,835,957 ", 762 ," $102,538,472 ", 65 ," $5,828,006 ", 905 ," $36,174,426 ", 124 ," $8,567,139 ", -   , $-   ," 8,913 "," $293,308,576 ",
ALASKA,A, 110 ," $1,436,703 ", 2 ," $4,395 ", 1 , $-   , -   , $-   , 1 ," $8,337 ", 1 , $-   , -   , $-   , 115 ," $1,449,435 ",
ALASKA,A99, 40 ," $169,890 ", 5 ," $4,298 ", -   , $-   , -   , $-   , 2 ," $4,619 ", -   , $-   , -   , $-   , 47 ," $178,807 ",
ALASKA,AE, 244 ," $4,343,632 ", 17 ," $224,870 ", 4 ," $2,646 ", -   , $-   , 20 ," $1,780,115 ", 6 ," $438,685 ", -   , $-   , 291 ," $6,789,948 ",
ALASKA,AH, 2 ," $10,000 ", -   , $-   , -   , $-   , 2 ," $3,761 ", -   , $-   , -   , $-   , -   , $-   , 4 ," $13,761 ",
ALASKA,AO, 6 ," $165,323 ", -   , $-   , -   , $-   , 1 ," $308,772 ", 6 ," $108,155 ", 6 ," $433,444 ", -   , $-   , 19 ," $1,015,693 ",
ALASKA,BLANK, 20 ," $89,270 ", -   , $-   , -   , $-   , -   , $-   , -   , $-   , -   , $-   , -   , $-   , 20 ," $89,270 ",
ALASKA,D, 10 ," $97,429 ", -   , $-   , -   , $-   , -   , $-   , 4 ," $7,862 ", 2 ," $35,910 ", -   , $-   , 16 ," $141,201 ",
ALASKA,EMG, 15 ," $72,852 ", -   , $-   , -   , $-   , -   , $-   , 2 ," $5,427 ", -   , $-   , -   , $-   , 17 ," $78,280 ",
ALASKA,V, 1 , $-   , -   , $-   , -   , $-   , -   , $-   , -   , $-   , -   , $-   , -   , $-   , 1 , $-   ,
ALASKA,VE, 1 ," $35,893 ", -   , $-   , -   , $-   , -   , $-   , -   , $-   , -   , $-   , -   , $-   , 1 ," $35,893 ",
ALASKA,X, 201 ," $4,789,313 ", 20 ," $547,376 ", 4 ," $123,093 ", -   , $-   , 13 ," $78,645 ", 5 ," $185,961 ", -   , $-   , 243 ," $5,724,387 ",
AMERICAN SAMOA,A, 3 , $325 , -   , $-   , 1 , $-   , -   , $-   , -   , $-   , -   , $-   , -   , $-   , 4 , $325 ,
AMERICAN SAMOA,AE, -   , $-   , -   , $-   , -   , $-   , 2 ," $8,700 ", -   , $-   , -   , $-   , -   , $-   , 2 ," $8,700 ",
AMERICAN SAMOA,BLANK, 6 ," $4,743 ", -   , $-   , -   , $-   , -   , $-   , -   , $-   , -   , $-   , -   , $-   , 6 ," $4,743 ",
AMERICAN SAMOA,EMG, 6 ," $23,235 ", -   , $-   , -   , $-   , -   , $-   , -   , $-   , -   , $-   , -   , $-   , 6 ," $23,235 ",
AMERICAN SAMOA,VE, 1 ," $22,643 ", -   , $-   , -   , $-   , 1 , $-   , -   , $-   , -   , $-   , -   , $-   , 2 ," $22,643 ",
AMERICAN SAMOA,X, 1 , $635 , -   , $-   , 7 , $-   , -   , $-   , 1 ," $7,283 ", -   , $-   , -   , $-   , 9 ," $7,918 ",
ARIZONA,A, 679 ," $7,081,899 ", 41 ," $446,494 ", 47 ," $143,845 ", 3 ," $134,192 ", 92 ," $1,429,748 ", 9 ," $734,680 ", -   , $-   , 871 ," $9,970,859 ",
ARIZONA,AE, 991 ," $11,404,096 ", 29 ," $420,924 ", 64 ," $588,685 ", 8 ," $15,007 ", 154 ," $3,064,958 ", 24 ," $507,201 ", -   , $-   ," 1,270 "," $16,000,871 ",
ARIZONA,AH, 98 ," $632,196 ", 2 , $-   , -   , $-   , 3 ," $386,227 ", 9 ," $123,179 ", 2 ," $440,159 ", -   , $-   , 114 ," $1,581,761 ",
ARIZONA,AO, 256 ," $1,902,211 ", 10 ," $164,563 ", 3 ," $3,764 ", 2 , $-   , 29 ," $226,330 ", 5 ," $8,936 ", -   , $-   , 305 ," $2,305,804 ",
ARIZONA,BLANK, 35 ," $430,244 ", 1 , $-   , -   , $-   , -   , $-   , 7 ," $133,795 ", -   , $-   , -   , $-   , 43 ," $564,040 ",
ARIZONA,D, 25 ," $867,500 ", -   , $-   , -   , $-   , -   , $-   , 3 ," $34,493 ", -   , $-   , -   , $-   , 28 ," $901,993 ",
ARIZONA,EMG, 719 ," $5,459,861 ", 33 ," $175,289 ", 14 ," $50,951 ", -   , $-   , 129 ," $1,437,182 ", -   , $-   , 2 ," $11,500 ", 897 ," $7,134,782 ",
ARIZONA,VE, 3 ," $52,256 ", -   , $-   , -   , $-   , -   , $-   , -   , $-   , -   , $-   , -   , $-   , 3 ," $52,256 ",
ARIZONA,X," 1,427 "," $17,448,494 ", 58 ," $608,307 ", 49 ," $304,380 ", 7 ," $316,747 ", 181 ," $2,972,532 ", 20 ," $416,495 ", -   , $-   ," 1,742 "," $22,066,954 ",
ARKANSAS,A," 1,997 "," $38,184,176 ", 101 ," $908,335 ", 21 ," $253,854 ", 12 ," $507,870 ", 155 ," $4,443,937 ", 40 ," $3,351,699 ", -   , $-   ," 2,326 "," $47,649,872 ",
ARKANSAS,AE," 3,112 "," $62,731,895 ", 204 ," $4,626,195 ", 107 ," $3,213,442 ", 37 ," $1,057,158 ", 446 ," $12,070,510 ", 152 ," $7,839,985 ", 2 ," $5,919 "," 4,060 "," $91,545,104 ",
ARKANSAS,AH, 56 ," $312,869 ", 1 ," $3,248 ", -   , $-   , -   , $-   , 41 ," $353,574 ", 1 , $-   , -   , $-   , 99 ," $669,691 ",
ARKANSAS,AO, 85 ," $314,566 ", 7 ," $13,629 ", 1 ," $11,637 ", -   , $-   , 28 ," $145,971 ", -   , $-   , -   , $-   , 121 ," $485,802 ",
ARKANSAS,BLANK, 102 ," $1,198,791 ", 1 ," $6,952 ", -   , $-   , -   , $-   , 4 ," $120,047 ", -   , $-   , -   , $-   , 107 ," $1,325,790 ",
ARKANSAS,D, 2 ," $28,200 ", -   , $-   , -   , $-   , -   , $-   , 1 ," $3,088 ", -   , $-   , -   , $-   , 3 ," $31,288 ",
ARKANSAS,EMG, 442 ," $2,751,369 ", 6 ," $32,556 ", 15 ," $53,487 ", -   , $-   , 108 ," $1,168,965 ", -   , $-   , 2 ," $44,072 ", 573 ," $4,050,449 ",
ARKANSAS,V, 2 ," $44,953 ", -   , $-   , -   , $-   , -   , $-   , -   , $-   , -   , $-   , -   , $-   , 2 ," $44,953 ",
ARKANSAS,VE, 6 ," $64,640 ", -   , $-   , -   , $-   , -   , $-   , -   , $-   , -   , $-   , -   , $-   , 6 ," $64,640 ",
ARKANSAS,X," 2,018 "," $38,874,624 ", 171 ," $5,582,834 ", 87 ," $2,594,256 ", 22 ," $1,603,012 ", 338 ," $6,672,822 ", 44 ," $4,340,144 ", -   , $-   ," 2,680 "," $59,667,692 ",
CALIFORNIA,A," 5,722 "," $65,797,662 ", 518 ," $5,928,045 ", 188 ," $3,948,745 ", 32 ," $653,282 "," 1,006 "," $16,636,877 ", 58 ," $2,087,579 ", 3 ," $42,938 "," 7,527 "," $95,095,129 ",
CALIFORNIA,A99," 2,435 "," $9,585,271 ", 183 ," $1,453,624 ", 79 ," $867,951 ", 2 , $-   , 95 ," $1,542,774 ", 9 ," $88,704 ", -   , $-   ," 2,803 "," $13,538,325 ",
CALIFORNIA,AE," 10,219 "," $184,990,050 "," 1,157 "," $23,948,586 ", 432 ," $11,640,346 ", 128 ," $7,898,721 "," 1,769 "," $42,082,656 ", 406 ," $25,455,140 ", 4 ," $30,917 "," 14,115 "," $296,046,416 ",
CALIFORNIA,AH, 787 ," $10,714,546 ", 49 ," $936,487 ", 20 ," $253,786 ", 4 ," $127,261 ", 95 ," $3,529,012 ", 22 ," $680,283 ", -   , $-   , 977 ," $16,241,375 ",
CALIFORNIA,AO," 2,631 "," $31,905,429 ", 218 ," $3,531,403 ", 127 ," $6,016,918 ", 11 ," $697,371 ", 194 ," $6,628,889 ", 61 ," $5,305,441 ", -   , $-   ," 3,242 "," $54,085,451 ",
CALIFORNIA,AR, 67 ," $117,223 ", 11 ," $762,467 ", 5 ," $377,676 ", -   , $-   , 8 ," $412,777 ", 1 , $-   , -   , $-   , 92 ," $1,670,143 ",
CALIFORNIA,BLANK, 474 ," $3,564,415 ", 30 ," $292,365 ", 11 ," $16,225 ", -   , $-   , 31 ," $336,744 ", -   , $-   , -   , $-   , 546 ," $4,209,748 ",
CALIFORNIA,D, 273 ," $3,891,412 ", 14 ," $178,234 ", 9 ," $138,357 ", -   , $-   , 19 ," $138,642 ", 4 ," $519,998 ", 2 , $-   , 321 ," $4,866,643 ",
CALIFORNIA,EMG," 4,845 "," $19,885,732 ", 291 ," $1,114,571 ", 204 ," $827,629 ", -   , $-   , 682 ," $4,197,648 ", -   , $-   , 9 ," $72,584 "," 6,031 "," $26,098,165 ",
CALIFORNIA,V, 326 ," $3,129,203 ", 88 ," $1,854,366 ", 18 ," $58,175 ", -   , $-   , 22 ," $372,708 ", -   , $-   , -   , $-   , 454 ," $5,414,451 ",
CALIFORNIA,VE, 372 ," $8,768,471 ", 51 ," $1,063,025 ", 31 ," $1,072,831 ", 3 ," $510,799 ", 35 ," $583,783 ", 6 ," $554,735 ", -   , $-   , 498 ," $12,553,645 ",
CALIFORNIA,X," 13,811 "," $155,905,023 ", 829 ," $8,415,509 ", 554 ," $12,794,140 ", 32 ," $1,244,650 "," 1,254 "," $24,657,155 ", 130 ," $5,894,451 ", -   , $-   ," 16,610 "," $208,910,928 ",
COLORADO,A, 395 ," $5,621,135 ", 21 ," $154,612 ", 14 ," $328,004 ", -   , $-   , 60 ," $931,555 ", 8 ," $96,634 ", -   , $-   , 498 ," $7,131,940 ",
COLORADO,AE," 1,417 "," $30,740,213 ", 106 ," $1,048,562 ", 118 ," $2,802,509 ", 18 ," $1,652,243 ", 220 ," $6,562,716 ", 95 ," $5,895,809 ", -   , $-   ," 1,974 "," $48,702,053 ",
COLORADO,AH, 13 ," $105,979 ", -   , $-   , -   , $-   , -   , $-   , 7 ," $535,471 ", 1 ," $41,305 ", -   , $-   , 21 ," $682,755 ",
COLORADO,AO, 67 ," $296,339 ", 8 ," $32,784 ", 12 ," $528,201 ", 1 ," $6,506 ", 24 ," $753,749 ", 9 ," $36,029 ", -   , $-   , 121 ," $1,653,607 ",
COLORADO,BLANK, 5 ," $48,297 ", 3 , $242 , 2 , $-   , -   , $-   , 4 ," $7,709 ", -   , $-   , -   , $-   , 14 ," $56,248 ",
COLORADO,D, 13 ," $70,968 ", 4 ," $20,638 ", -   , $-   , -   , $-   , 8 ," $373,798 ", -   , $-   , -   , $-   , 25 ," $465,405 ",
COLORADO,EMG, 288 ," $531,291 ", 34 ," $91,318 ", 11 ," $16,910 ", -   , $-   , 79 ," $439,301 ", -   , $-   , -   , $-   , 412 ," $1,078,820 ",
COLORADO,VE, 10 ," $24,968 ", 2 ," $25,350 ", -   , $-   , -   , $-   , 1 , $-   , -   , $-   , -   , $-   , 13 ," $50,318 ",
COLORADO,X," 2,184 "," $19,344,037 ", 101 ," $536,898 ", 128 ," $4,636,226 ", 8 ," $684,830 ", 200 ," $4,169,275 ", 37 ," $1,324,094 ", -   , $-   ," 2,658 "," $30,695,359 ",
CONNECTICUT,A," 1,686 "," $12,421,976 ", 162 ," $943,731 ", 31 ," $217,235 ", 4 , $-   , 245 ," $4,750,307 ", 9 ," $144,898 ", 1 ," $5,076 "," 2,138 "," $18,483,224 ",
CONNECTICUT,AE," 13,319 "," $292,665,589 "," 1,019 "," $15,581,964 ", 525 ," $13,966,461 ", 48 ," $3,391,823 "," 1,045 "," $32,722,341 ", 254 ," $15,272,786 ", -   , $-   ," 16,210 "," $373,600,964 ",
CONNECTICUT,AH, -   , $-   , -   , $-   , -   , $-   , -   , $-   , 8 ," $339,619 ", -   , $-   , -   , $-   , 8 ," $339,619 ",
CONNECTICUT,AO, 6 ," $100,790 ", -   , $-   , 1 , $-   , -   , $-   , 2 ," $9,114 ", 1 ," $139,652 ", -   , $-   , 10 ," $249,556 ",
CONNECTICUT,BLANK, 124 ," $672,536 ", 1 ," $2,546 ", -   , $-   , -   , $-   , 6 ," $12,588 ", -   , $-   , -   , $-   , 131 ," $687,670 ",
CONNECTICUT,D, 21 ," $81,107 ", -   , $-   , -   , $-   , -   , $-   , 4 ," $52,044 ", -   , $-   , 2 ," $1,734 ", 27 ," $134,885 ",
CONNECTICUT,EMG," 1,027 "," $1,707,721 ", 55 ," $87,926 ", 56 ," $64,825 ", -   , $-   , 164 ," $825,595 ", -   , $-   , 3 ," $1,644 "," 1,305 "," $2,687,711 ",
CONNECTICUT,VE," 2,743 "," $55,941,666 ", 109 ," $2,640,948 ", 34 ," $1,396,995 ", 2 ," $126,222 ", 164 ," $6,186,767 ", 39 ," $891,222 ", -   , $-   ," 3,091 "," $67,183,819 ",
CONNECTICUT,X," 5,107 "," $55,300,543 ", 302 ," $1,919,962 ", 336 ," $4,844,711 ", 8 ," $674,815 ", 679 ," $20,949,914 ", 88 ," $5,271,096 ", -   , $-   ," 6,520 "," $88,961,040 ",
DELAWARE,A, 193 ," $2,114,093 ", 1 ," $7,053 ", 5 ," $3,257,003 ", 1 ," $355,014 ", 57 ," $6,713,462 ", -   , $-   , -   , $-   , 257 ," $12,446,625 ",
DELAWARE,AE," 3,259 "," $28,454,929 ", 177 ," $1,434,132 ", 179 ," $4,561,881 ", 31 ," $1,559,751 ", 250 ," $17,598,643 ", 55 ," $4,365,979 ", -   , $-   ," 3,951 "," $57,975,315 ",
DELAWARE,AO, 42 ," $178,904 ", 10 ," $38,220 ", 7 ," $12,720 ", -   , $-   , 1 , $-   , -   , $-   , -   , $-   , 60 ," $229,844 ",
DELAWARE,BLANK, 2 ," $55,332 ", -   , $-   , 1 ," $35,716 ", -   , $-   , -   , $-   , -   , $-   , -   , $-   , 3 ," $91,048 ",
DELAWARE,D, 20 ," $121,195 ", 1 , $955 , 1 , $-   , -   , $-   , 2 ," $11,881 ", -   , $-   , -   , $-   , 24 ," $134,032 ",
DELAWARE,EMG, 19 ," $88,074 ", 1 ," $1,001 ", -   , $-   , -   , $-   , 5 ," $6,652 ", -   , $-   , -   , $-   , 25 ," $95,727 ",
DELAWARE,VE, 824 ," $6,082,599 ", 55 ," $484,464 ", 90 ," $878,808 ", 5 ," $37,797 ", 43 ," $455,064 ", 1 ," $406,170 ", -   , $-   ," 1,018 "," $8,344,902 ",
DELAWARE,X, 757 ," $5,766,673 ", 29 ," $549,370 ", 52 ," $668,145 ", 10 ," $618,664 ", 133 ," $4,091,134 ", 7 ," $447,825 ", 1 , $919 , 989 ," $12,142,730 ",
DISTRICT OF COLUMBIA,A, 1 , $-   , -   , $-   , -   , $-   , -   , $-   , 5 ," $28,327 ", 1 , $-   , -   , $-   , 7 ," $28,327 ",
DISTRICT OF COLUMBIA,AE, 28 ," $193,930 ", 3 ," $2,320 ", 3 ," $87,399 ", 1 ," $7,739 ", 14 ," $995,233 ", 7 ," $1,261,328 ", -   , $-   , 56 ," $2,547,949 ",
DISTRICT OF COLUMBIA,BLANK, -   , $-   , -   , $-   , -   , $-   , -   , $-   , 1 ," $49,047 ", -   , $-   , -   , $-   , 1 ," $49,047 ",
DISTRICT OF COLUMBIA,D, -   , $-   , -   , $-   , -   , $-   , -   , $-   , 1 ," $10,451 ", -   , $-   , -   , $-   , 1 ," $10,451 ",
DISTRICT OF COLUMBIA,EMG, 18 ," $38,564 ", 2 , $-   , 4 ," $9,411 ", -   , $-   , 7 ," $36,451 ", -   , $-   , -   , $-   , 31 ," $84,426 ",
DISTRICT OF COLUMBIA,VE, 7 ," $61,402 ", -   , $-   , -   , $-   , -   , $-   , -   , $-   , -   , $-   , -   , $-   , 7 ," $61,402 ",
DISTRICT OF COLUMBIA,X, 314 ," $762,296 ", 31 ," $56,911 ", 21 ," $902,163 ", 1 , $-   , 15 ," $871,239 ", 2 ," $16,905 ", -   , $-   , 384 ," $2,609,513 ",
FLORIDA,A," 14,684 "," $182,342,122 ", 526 ," $5,255,261 "," 1,602 "," $18,375,166 ", 41 ," $2,266,991 ", 627 ," $13,954,170 ", 64 ," $3,532,980 ", 5 ," $2,446 "," 17,549 "," $225,729,138 ",
FLORIDA,A99, 10 ," $9,152 ", -   , $-   , -   , $-   , -   , $-   , 1 , $-   , -   , $-   , -   , $-   , 11 ," $9,152 ",
FLORIDA,AE," 236,885 "," $7,222,025,214 "," 14,607 "," $449,401,968 "," 25,013 "," $1,720,805,548 "," 1,961 "," $111,019,424 "," 10,751 "," $359,162,083 "," 4,947 "," $270,466,279 ", 36 ," $40,649 "," 294,200 "," $10,132,921,165 ",
FLORIDA,AH," 31,307 "," $293,052,543 "," 1,077 "," $29,525,726 "," 1,459 "," $33,140,087 ", 258 ," $22,413,792 "," 1,201 "," $52,266,503 ", 542 ," $35,898,520 ", 1 ," $5,238 "," 35,845 "," $466,302,408 ",
FLORIDA,AO," 1,759 "," $27,443,911 ", 117 ," $1,319,346 ", 541 ," $10,415,413 ", 10 ," $273,844 ", 160 ," $6,779,249 ", 36 ," $989,068 ", -   , $-   ," 2,623 "," $47,220,831 ",
FLORIDA,BLANK," 1,148 "," $8,249,246 ", 10 ," $40,315 ", 27 ," $107,151 ", -   , $-   , 32 ," $307,884 ", -   , $-   , 2 , $-   ," 1,219 "," $8,704,596 ",
FLORIDA,D, 443 ," $4,443,999 ", 20 ," $63,796 ", 65 ," $1,345,947 ", -   , $-   , 73 ," $710,760 ", 1 , $-   , 3 ," $17,249 ", 605 ," $6,581,751 ",
FLORIDA,EMG," 1,922 "," $3,962,503 ", 134 ," $177,503 ", 259 ," $177,371 ", -   , $-   , 167 ," $657,186 ", -   , $-   , 4 ," $7,459 "," 2,486 "," $4,982,022 ",
FLORIDA,INV, 3 ," $9,036 ", 1 ," $4,003 ", -   , $-   , -   , $-   , 1 ," $3,444 ", -   , $-   , -   , $-   , 5 ," $16,483 ",
FLORIDA,V, 31 ," $368,699 ", 2 ," $23,800 ", 17 ," $67,796 ", -   , $-   , 4 , $-   , -   , $-   , -   , $-   , 54 ," $460,296 ",
FLORIDA,VE," 16,927 "," $418,002,841 "," 1,691 "," $47,644,009 "," 3,992 "," $384,238,115 ", 202 ," $17,352,868 "," 1,817 "," $50,634,229 ", 604 ," $41,545,943 ", 3 , $-   ," 25,236 "," $959,418,005 ",
FLORIDA,X," 50,390 "," $942,810,033 "," 2,872 "," $56,604,467 "," 6,113 "," $192,770,259 ", 450 ," $21,990,034 "," 4,175 "," $127,852,924 "," 1,085 "," $49,977,767 ", 3 ," $4,753 "," 65,088 "," $1,392,010,237 ",
GEORGIA,A," 2,286 "," $41,455,514 ", 73 ," $1,284,558 ", 87 ," $5,014,008 ", 6 ," $79,743 ", 113 ," $3,348,866 ", 14 ," $371,944 ", -   , $-   ," 2,579 "," $51,554,633 ",
GEORGIA,AE," 10,883 "," $223,944,398 ", 433 ," $10,316,232 ", 477 ," $14,839,691 ", 61 ," $4,367,050 ", 459 ," $18,173,920 ", 229 ," $13,824,796 ", 4 ," $22,948 "," 12,546 "," $285,489,035 ",
GEORGIA,AO, 7 ," $69,269 ", -   , $-   , 2 , $-   , -   , $-   , -   , $-   , 5 ," $237,561 ", -   , $-   , 14 ," $306,831 ",
GEORGIA,BLANK, 65 ," $834,621 ", 1 ," $16,807 ", 1 ," $15,902 ", -   , $-   , 2 , $221 , -   , $-   , -   , $-   , 69 ," $867,551 ",
GEORGIA,D, 124 ," $840,552 ", 1 ," $7,500 ", 28 ," $26,232 ", -   , $-   , 4 , $692 , -   , $-   , 1 , $-   , 158 ," $874,976 ",
GEORGIA,EMG, 398 ," $1,781,218 ", 9 ," $54,839 ", 5 ," $27,661 ", -   , $-   , 29 ," $329,546 ", -   , $-   , 1 , $-   , 442 ," $2,193,264 ",
GEORGIA,VE, 136 ," $2,505,864 ", 8 , $-   , 14 ," $395,776 ", 5 ," $88,525 ", 14 ," $179,366 ", 11 ," $385,911 ", -   , $-   , 188 ," $3,555,443 ",
GEORGIA,X," 7,247 "," $104,926,284 ", 201 ," $3,459,967 ", 254 ," $9,500,349 ", 40 ," $3,237,740 ", 371 ," $13,364,225 ", 93 ," $4,123,483 ", -   , $-   ," 8,206 "," $138,612,047 ",
GUAM,A, 28 ," $321,663 ", 1 ," $5,000 ", 4 ," $27,647 ", -   , $-   , 5 ," $111,095 ", -   , $-   , -   , $-   , 38 ," $465,405 ",
GUAM,AE, 49 ," $545,918 ", 11 ," $106,903 ", -   , $-   , -   , $-   , 5 ," $90,879 ", -   , $-   , -   , $-   , 65 ," $743,700 ",
GUAM,AH, 2 , $-   , -   , $-   , -   , $-   , -   , $-   , -   , $-   , -   , $-   , -   , $-   , 2 , $-   ,
GUAM,AO, 3 , $-   , -   , $-   , -   , $-   , -   , $-   , -   , $-   , -   , $-   , -   , $-   , 3 , $-   ,
GUAM,BLANK, 25 ," $164,697 ", -   , $-   , -   , $-   , -   , $-   , -   , $-   , -   , $-   , -   , $-   , 25 ," $164,697 ",
GUAM,EMG, 1 , $-   , -   , $-   , -   , $-   , -   , $-   , -   , $-   , -   , $-   , -   , $-   , 1 , $-   ,
GUAM,VE, 9 ," $65,995 ", 2 ," $100,979 ", -   , $-   , -   , $-   , 5 ," $50,417 ", -   , $-   , -   , $-   , 16 ," $217,391 ",
GUAM,X, 33 ," $679,033 ", -   , $-   , -   , $-   , -   , $-   , 2 ," $16,619 ", -   , $-   , -   , $-   , 35 ," $695,652 ",
HAWAII,A, 391 ," $3,978,096 ", 62 ," $211,308 ", 43 ," $1,364,637 ", -   , $-   , 57 ," $1,151,526 ", -   , $-   , -   , $-   , 553 ," $6,705,567 ",
HAWAII,AE," 1,294 "," $35,840,082 ", 101 ," $2,533,373 ", 151 ," $5,262,000 ", 41 ," $1,967,807 ", 213 ," $8,879,835 ", 52 ," $3,346,008 ", -   , $-   ," 1,852 "," $57,829,105 ",
HAWAII,AH, 200 ," $2,780,239 ", 17 ," $411,358 ", 5 , $-   , 4 ," $159,629 ", 2 , $-   , -   , $-   , -   , $-   , 228 ," $3,351,226 ",
HAWAII,AO, 91 ," $1,543,048 ", 7 ," $67,030 ", 8 ," $6,704 ", 18 ," $937,199 ", 21 ," $444,326 ", 5 ," $25,887 ", -   , $-   , 150 ," $3,024,194 ",
HAWAII,BLANK, 16 ," $21,731 ", -   , $-   , -   , $-   , -   , $-   , 8 ," $77,128 ", -   , $-   , -   , $-   , 24 ," $98,858 ",
HAWAII,D, 106 ," $1,242,707 ", 4 ," $24,123 ", 11 ," $245,000 ", 1 , $-   , 13 ," $58,446 ", 2 ," $57,625 ", -   , $-   , 137 ," $1,627,901 ",
HAWAII,EMG, 152 ," $626,743 ", 27 ," $162,076 ", 59 ," $141,920 ", -   , $-   , 50 ," $176,449 ", -   , $-   , 1 , $152 , 289 ," $1,107,340 ",
HAWAII,VE, 555 ," $8,616,665 ", 77 ," $1,830,322 ", 241 ," $10,958,515 ", 10 ," $211,969 ", 93 ," $4,176,620 ", 11 ," $1,401,282 ", -   , $-   , 987 ," $27,195,372 ",
HAWAII,X, 933 ," $18,441,840 ", 105 ," $2,893,072 ", 312 ," $9,614,177 ", 10 ," $84,497 ", 193 ," $7,615,454 ", 18 ," $1,164,896 ", -   , $-   ," 1,571 "," $39,813,936 ",
IDAHO,A, 102 ," $643,238 ", 4 ," $30,396 ", -   , $-   , -   , $-   , 9 ," $48,442 ", -   , $-   , -   , $-   , 115 ," $722,076 ",
IDAHO,A99, 1 , $-   , -   , $-   , -   , $-   , -   , $-   , -   , $-   , -   , $-   , -   , $-   , 1 , $-   ,
IDAHO,AE, 424 ," $4,700,665 ", 11 ," $102,779 ", 9 ," $36,522 ", -   , $-   , 14 ," $778,598 ", 8 ," $49,307 ", -   , $-   , 466 ," $5,667,872 ",
IDAHO,AH, 3 ," $9,543 ", -   , $-   , -   , $-   , -   , $-   , -   , $-   , -   , $-   , -   , $-   , 3 ," $9,543 ",
IDAHO,AO, 14 ," $13,536 ", 4 , $-   , 5 , $-   , -   , $-   , 2 ," $7,294 ", 1 , $-   , -   , $-   , 26 ," $20,830 ",
IDAHO,BLANK, 7 ," $16,674 ", -   , $-   , -   , $-   , -   , $-   , -   , $-   , -   , $-   , -   , $-   , 7 ," $16,674 ",
IDAHO,D, 5 ," $144,742 ", -   , $-   , -   , $-   , -   , $-   , -   , $-   , -   , $-   , -   , $-   , 5 ," $144,742 ",
IDAHO,EMG, 63 ," $143,319 ", 1 , $-   , 2 , $995 , -   , $-   , 8 ," $25,025 ", -   , $-   , -   , $-   , 74 ," $169,339 ",
IDAHO,VE, 1 , $-   , -   , $-   , -   , $-   , -   , $-   , -   , $-   , -   , $-   , -   , $-   , 1 , $-   ,
IDAHO,X, 369 ," $3,065,422 ", 6 ," $35,278 ", 8 ," $77,947 ", -   , $-   , 16 ," $243,658 ", 2 ," $39,668 ", 1 , $-   , 402 ," $3,461,972 ",
ILLINOIS,A," 6,819 "," $48,063,838 ", 194 ," $1,008,633 ", 202 ," $2,582,549 ", 9 ," $547,812 ", 587 ," $7,774,242 ", 22 ," $944,461 ", -   , $-   ," 7,833 "," $60,921,534 ",
ILLINOIS,AE," 22,613 "," $282,740,953 ", 879 ," $10,770,217 ", 409 ," $16,021,182 ", 111 ," $3,866,126 "," 1,688 "," $42,867,464 ", 402 ," $23,922,888 ", 1 , $-   ," 26,103 "," $380,188,830 ",
ILLINOIS,AH, 985 ," $3,546,495 ", 34 ," $202,643 ", 9 ," $39,303 ", 2 ," $22,219 ", 22 ," $331,516 ", 3 ," $11,330 ", -   , $-   ," 1,055 "," $4,153,506 ",
ILLINOIS,AO, 301 ," $2,493,260 ", 13 ," $12,297 ", 3 ," $5,496 ", -   , $-   , 4 ," $17,395 ", -   , $-   , -   , $-   , 321 ," $2,528,448 ",
ILLINOIS,BLANK, 642 ," $4,352,169 ", 14 ," $50,733 ", 5 ," $131,642 ", -   , $-   , 51 ," $545,398 ", -   , $-   , -   , $-   , 712 ," $5,079,942 ",
ILLINOIS,D, 4 ," $20,080 ", 2 ," $3,977 ", -   , $-   , -   , $-   , 1 ," $3,338 ", -   , $-   , 2 ," $3,619 ", 9 ," $31,014 ",
ILLINOIS,EMG," 4,780 "," $15,484,585 ", 158 ," $410,359 ", 110 ," $208,715 ", -   , $-   , 462 ," $2,034,890 ", -   , $-   , 10 ," $25,242 "," 5,520 "," $18,163,792 ",
ILLINOIS,INV, 1 , $560 , -   , $-   , -   , $-   , -   , $-   , -   , $-   , -   , $-   , -   , $-   , 1 , $560 ,
ILLINOIS,VE, 9 ," $266,080 ", -   , $-   , 6 ," $12,538 ", -   , $-   , 3 ," $34,416 ", -   , $-   , -   , $-   , 18 ," $313,034 ",
ILLINOIS,X," 9,246 "," $77,176,547 ", 458 ," $3,163,044 ", 458 ," $8,662,450 ", 39 ," $2,342,493 ", 626 ," $20,267,659 ", 118 ," $5,854,885 ", -   , $-   ," 10,945 "," $117,467,079 ",
INDIANA,A," 3,567 "," $56,686,122 ", 83 ," $816,965 ", 47 ," $1,058,448 ", 4 ," $105,932 ", 140 ," $4,668,436 ", 17 ," $555,720 ", -   , $-   ," 3,858 "," $63,891,623 ",
INDIANA,AE," 7,426 "," $108,846,996 ", 226 ," $3,619,026 ", 71 ," $4,168,420 ", 72 ," $4,178,307 ", 419 ," $13,804,900 ", 176 ," $8,797,242 ", -   , $-   ," 8,390 "," $143,414,891 ",
INDIANA,AH, 23 ," $184,030 ", -   , $-   , -   , $-   , -   , $-   , -   , $-   , -   , $-   , -   , $-   , 23 ," $184,030 ",
INDIANA,AO, 302 ," $6,256,500 ", 25 ," $1,570,421 ", 23 ," $329,251 ", -   , $-   , 11 ," $866,570 ", 4 ," $612,808 ", -   , $-   , 365 ," $9,635,550 ",
INDIANA,BLANK, 299 ," $2,021,715 ", 22 ," $67,995 ", 6 ," $54,052 ", -   , $-   , 30 ," $587,124 ", -   , $-   , -   , $-   , 357 ," $2,730,886 ",
INDIANA,D, 3 ," $33,208 ", 1 ," $26,000 ", -   , $-   , -   , $-   , -   , $-   , -   , $-   , -   , $-   , 4 ," $59,208 ",
INDIANA,EMG," 1,979 "," $6,810,081 ", 120 ," $310,634 ", 31 ," $229,918 ", -   , $-   , 211 ," $1,807,880 ", -   , $-   , -   , $-   ," 2,341 "," $9,158,514 ",
INDIANA,VE, 7 ," $40,708 ", -   , $-   , -   , $-   , -   , $-   , -   , $-   , -   , $-   , -   , $-   , 7 ," $40,708 ",
INDIANA,X," 3,091 "," $41,787,385 ", 78 ," $854,342 ", 40 ," $1,065,976 ", 22 ," $1,221,414 ", 260 ," $8,660,043 ", 65 ," $1,598,436 ", -   , $-   ," 3,556 "," $55,187,596 ",
IOWA,A," 1,877 "," $29,964,407 ", 36 ," $604,493 ", 19 ," $305,651 ", 24 ," $524,092 ", 198 ," $5,619,875 ", 50 ," $2,405,143 ", -   , $-   ," 2,204 "," $39,423,661 ",
IOWA,A99, 153 ," $1,183,905 ", 2 ," $9,803 ", -   , $-   , -   , $-   , 8 ," $98,497 ", -   , $-   , -   , $-   , 163 ," $1,292,205 ",
IOWA,AE," 6,527 "," $124,538,222 ", 136 ," $2,842,934 ", 120 ," $8,919,355 ", 149 ," $9,748,356 ", 855 ," $52,716,014 ", 373 ," $20,545,590 ", -   , $-   ," 8,160 "," $219,310,472 ",
IOWA,AH, 151 ," $1,321,338 ", 7 ," $32,436 ", -   , $-   , 2 ," $104,159 ", 1 ," $2,477 ", 3 ," $120,390 ", -   , $-   , 164 ," $1,580,800 ",
IOWA,AO, 327 ," $1,951,934 ", 6 ," $22,642 ", -   , $-   , -   , $-   , 19 ," $341,620 ", 1 ," $132,996 ", -   , $-   , 353 ," $2,449,192 ",
IOWA,BLANK, 135 ," $822,829 ", 1 , $-   , 6 ," $269,284 ", -   , $-   , 4 ," $14,655 ", -   , $-   , -   , $-   , 146 ," $1,106,768 ",
IOWA,D, -   , $-   , -   , $-   , -   , $-   , -   , $-   , 1 ," $4,041 ", -   , $-   , -   , $-   , 1 ," $4,041 ",
IOWA,EMG, 394 ," $823,617 ", 16 ," $23,348 ", 14 ," $18,989 ", -   , $-   , 61 ," $180,888 ", -   , $-   , 1 ," $12,100 ", 486 ," $1,058,941 ",
IOWA,VE, 1 ," $2,399 ", -   , $-   , -   , $-   , -   , $-   , -   , $-   , -   , $-   , -   , $-   , 1 ," $2,399 ",
IOWA,X," 2,267 "," $43,423,486 ", 57 ," $1,086,378 ", 86 ," $3,615,177 ", 62 ," $3,567,538 ", 406 ," $26,607,386 ", 160 ," $9,913,121 ", 1 , $-   ," 3,039 "," $88,213,086 ",
KANSAS,A," 1,189 "," $15,930,651 ", 18 ," $45,742 ", 7 ," $8,031 ", -   , $-   , 80 ," $1,818,025 ", 12 ," $650,969 ", -   , $-   ," 1,306 "," $18,453,418 ",
KANSAS,A99, 15 ," $22,366 ", -   , $-   , -   , $-   , -   , $-   , 3 ," $9,645 ", -   , $-   , -   , $-   , 18 ," $32,011 ",
KANSAS,AE," 2,420 "," $30,004,434 ", 101 ," $2,349,056 ", 62 ," $2,040,319 ", 17 ," $1,350,361 ", 388 ," $12,755,018 ", 55 ," $4,076,828 ", -   , $-   ," 3,043 "," $52,576,015 ",
KANSAS,AH, 126 ," $914,992 ", 2 ," $1,795 ", 4 ," $6,581 ", -   , $-   , -   , $-   , -   , $-   , -   , $-   , 132 ," $923,368 ",
KANSAS,AO, 62 ," $410,852 ", 8 ," $32,076 ", -   , $-   , -   , $-   , 4 ," $2,174 ", 1 , $-   , -   , $-   , 75 ," $445,101 ",
KANSAS,BLANK, 30 ," $217,956 ", 2 ," $15,991 ", 6 ," $2,348 ", -   , $-   , 2 ," $7,974 ", -   , $-   , -   , $-   , 40 ," $244,269 ",
KANSAS,D, 4 ," $5,076 ", 1 ," $2,403 ", -   , $-   , -   , $-   , 1 ," $4,108 ", -   , $-   , -   , $-   , 6 ," $11,588 ",
KANSAS,EMG, 731 ," $3,057,968 ", 35 ," $102,606 ", 20 ," $95,459 ", -   , $-   , 82 ," $527,225 ", -   , $-   , -   , $-   , 868 ," $3,783,259 ",
KANSAS,VE, 1 ," $1,730 ", -   , $-   , -   , $-   , -   , $-   , -   , $-   , -   , $-   , -   , $-   , 1 ," $1,730 ",
KANSAS,X," 1,868 "," $16,833,447 ", 57 ," $739,664 ", 65 ," $2,917,517 ", 11 ," $1,028,468 ", 256 ," $10,415,187 ", 35 ," $1,427,202 ", -   , $-   ," 2,292 "," $33,361,485 ",
KENTUCKY,A," 4,079 "," $56,123,805 ", 171 ," $3,129,918 ", 91 ," $2,305,366 ", 19 ," $2,103,105 ", 580 ," $13,428,429 ", 55 ," $5,278,715 ", -   , $-   ," 4,995 "," $82,369,338 ",
KENTUCKY,A99, 3 ," $3,526 ", 2 ," $1,233 ", -   , $-   , -   , $-   , -   , $-   , -   , $-   , -   , $-   , 5 ," $4,760 ",
KENTUCKY,AE," 9,705 "," $145,870,475 ", 464 ," $8,195,836 ", 436 ," $13,138,306 ", 91 ," $5,624,038 "," 1,069 "," $24,115,096 ", 407 ," $22,258,888 ", 2 ," $4,899 "," 12,174 "," $219,207,538 ",
KENTUCKY,AH, 2 ," $3,186 ", -   , $-   , -   , $-   , -   , $-   , -   , $-   , -   , $-   , -   , $-   , 2 ," $3,186 ",
KENTUCKY,AO, 22 ," $107,378 ", -   , $-   , 2 ," $3,171 ", -   , $-   , 6 ," $33,923 ", -   , $-   , -   , $-   , 30 ," $144,472 ",
KENTUCKY,BLANK, 362 ," $2,347,285 ", 1 ," $7,026 ", 3 ," $5,509 ", -   , $-   , 16 ," $228,464 ", -   , $-   , -   , $-   , 382 ," $2,588,285 ",
KENTUCKY,D, 9 ," $51,475 ", -   , $-   , -   , $-   , -   , $-   , -   , $-   , -   , $-   , -   , $-   , 9 ," $51,475 ",
KENTUCKY,EMG," 2,126 "," $12,797,584 ", 61 ," $296,312 ", 49 ," $65,196 ", -   , $-   , 412 ," $4,800,378 ", -   , $-   , 7 ," $41,619 "," 2,655 "," $18,001,090 ",
KENTUCKY,VE, 3 ," $95,148 ", -   , $-   , -   , $-   , -   , $-   , -   , $-   , -   , $-   , -   , $-   , 3 ," $95,148 ",
KENTUCKY,X," 4,373 "," $60,846,602 ", 138 ," $1,896,035 ", 162 ," $3,166,247 ", 36 ," $1,164,259 ", 621 ," $17,404,159 ", 113 ," $5,297,366 ", -   , $-   ," 5,443 "," $89,774,668 ",
LOUISIANA,A," 25,324 "," $533,627,586 ", 477 ," $8,489,766 ", 467 ," $12,516,763 ", 83 ," $3,452,719 "," 1,186 "," $27,737,135 ", 194 ," $10,452,915 ", -   , $-   ," 27,731 "," $596,276,884 ",
LOUISIANA,A99," 4,129 "," $152,178,990 ", 58 ," $1,378,839 ", 26 ," $435,596 ", 30 ," $2,109,008 ", 396 ," $41,902,195 ", 23 ," $1,949,982 ", -   , $-   ," 4,662 "," $199,954,611 ",
LOUISIANA,AE," 239,660 "," $11,900,516,112 "," 27,698 "," $1,313,450,921 "," 6,679 "," $433,225,605 ", 906 ," $77,373,953 "," 12,066 "," $901,699,353 "," 2,424 "," $219,002,454 ", 22 ," $84,594 "," 289,455 "," $14,845,352,993 ",
LOUISIANA,AH," 2,272 "," $48,519,793 ", 81 ," $1,014,987 ", 28 ," $504,914 ", 4 ," $44,688 ", 95 ," $2,370,980 ", 20 ," $1,438,682 ", -   , $-   ," 2,500 "," $53,894,044 ",
LOUISIANA,AO," 5,390 "," $342,567,764 ", 661 ," $45,438,444 ", 125 ," $16,552,888 ", 1 ," $53,318 ", 192 ," $14,661,393 ", 18 ," $3,013,352 ", 1 , $611 ," 6,388 "," $422,287,770 ",
LOUISIANA,BLANK," 5,945 "," $53,038,944 ", 42 ," $254,776 ", 6 ," $28,235 ", -   , $-   , 59 ," $427,015 ", -   , $-   , -   , $-   ," 6,052 "," $53,748,970 ",
LOUISIANA,D, 324 ," $4,837,425 ", 18 ," $102,650 ", -   , $-   , 1 ," $40,697 ", 6 ," $34,717 ", -   , $-   , 5 ," $46,065 ", 354 ," $5,061,554 ",
LOUISIANA,EMG," 7,628 "," $42,405,983 ", 166 ," $718,886 ", 137 ," $569,768 ", -   , $-   , 614 ," $3,712,059 ", -   , $-   , 8 ," $25,484 "," 8,553 "," $47,432,181 ",
LOUISIANA,V, 276 ," $4,355,016 ", -   , $-   , 6 ," $56,682 ", -   , $-   , 44 ," $739,966 ", -   , $-   , -   , $-   , 326 ," $5,151,665 ",
LOUISIANA,VE," 8,383 "," $224,619,883 ", 162 ," $3,811,745 ", 244 ," $7,965,527 ", 128 ," $3,786,420 "," 1,077 "," $53,329,363 ", 156 ," $7,900,266 ", -   , $-   ," 10,150 "," $301,413,203 ",
LOUISIANA,X," 105,824 "," $3,599,881,343 "," 9,879 "," $245,473,483 "," 2,403 "," $75,817,371 ", 509 ," $24,457,268 "," 8,520 "," $325,032,976 ", 971 ," $59,784,458 ", 13 ," $370,805 "," 128,119 "," $4,330,817,704 ",
MAINE,A, 368 ," $2,596,357 ", 37 ," $323,687 ", 26 ," $211,673 ", 1 ," $2,359 ", 149 ," $2,559,265 ", 2 ," $92,927 ", -   , $-   , 583 ," $5,786,268 ",
MAINE,AE, 954 ," $13,240,014 ", 102 ," $2,379,133 ", 66 ," $2,054,550 ", 33 ," $1,665,416 ", 320 ," $7,879,995 ", 107 ," $6,034,778 ", -   , $-   ," 1,582 "," $33,253,886 ",
MAINE,AH, 2 ," $47,374 ", -   , $-   , -   , $-   , -   , $-   , 3 ," $8,147 ", -   , $-   , -   , $-   , 5 ," $55,521 ",
MAINE,AO, 409 ," $7,014,705 ", 39 ," $605,433 ", 35 ," $956,979 ", 6 ," $86,922 ", 18 ," $458,826 ", 10 ," $242,146 ", -   , $-   , 517 ," $9,365,011 ",
MAINE,BLANK, 74 ," $553,117 ", 10 ," $59,915 ", 4 ," $6,089 ", -   , $-   , 25 ," $349,378 ", -   , $-   , -   , $-   , 113 ," $968,499 ",
MAINE,EMG, 709 ," $2,911,298 ", 50 ," $134,894 ", 11 ," $102,381 ", -   , $-   , 185 ," $1,899,128 ", -   , $-   , 1 , $216 , 956 ," $5,047,918 ",
MAINE,VE, 232 ," $4,362,483 ", 5 ," $18,950 ", 4 ," $171,798 ", 14 ," $181,224 ", 38 ," $1,138,125 ", 15 ," $440,186 ", -   , $-   , 308 ," $6,312,766 ",
MAINE,X," 1,227 "," $15,860,885 ", 127 ," $1,523,747 ", 39 ," $1,131,857 ", 2 ," $23,329 ", 174 ," $3,878,586 ", 29 ," $922,810 ", -   , $-   ," 1,598 "," $23,341,215 ",
MARYLAND,A," 1,763 "," $21,926,658 ", 28 ," $139,502 ", 29 ," $546,534 ", 2 ," $36,137 ", 261 ," $5,543,384 ", 17 ," $837,703 ", -   , $-   ," 2,100 "," $29,029,919 ",
MARYLAND,AE," 9,266 "," $159,133,251 ", 338 ," $5,403,331 ", 444 ," $10,074,311 ", 118 ," $8,256,789 ", 851 ," $33,340,052 ", 235 ," $17,650,622 ", 1 , $-   ," 11,253 "," $233,858,356 ",
MARYLAND,AH, 49 ," $778,237 ", -   , $-   , -   , $-   , -   , $-   , 1 ," $55,302 ", 1 ," $62,521 ", -   , $-   , 51 ," $896,060 ",
MARYLAND,AO, 11 ," $40,882 ", 4 ," $17,596 ", 1 , $-   , -   , $-   , 25 ," $1,217,412 ", 2 ," $301,641 ", -   , $-   , 43 ," $1,577,532 ",
MARYLAND,BLANK, 54 ," $306,960 ", -   , $-   , 7 ," $233,014 ", -   , $-   , 18 ," $865,673 ", -   , $-   , -   , $-   , 79 ," $1,405,647 ",
MARYLAND,D, 11 ," $30,560 ", -   , $-   , 3 ," $4,085 ", -   , $-   , 2 , $555 , -   , $-   , -   , $-   , 16 ," $35,200 ",
MARYLAND,EMG," 5,181 "," $1,657,062 ", 25 ," $36,242 ", 45 ," $329,600 ", -   , $-   , 177 ," $2,941,005 ", -   , $-   , 2 ," $1,774 "," 5,430 "," $4,965,683 ",
MARYLAND,V, 1 , $199 , -   , $-   , -   , $-   , -   , $-   , -   , $-   , -   , $-   , -   , $-   , 1 , $199 ,
MARYLAND,VE, 256 ," $3,072,419 ", 23 ," $101,563 ", 108 ," $432,548 ", 2 ," $122,139 ", 24 ," $1,507,571 ", 11 ," $696,058 ", -   , $-   , 424 ," $5,932,299 ",
MARYLAND,X," 5,010 "," $40,811,168 ", 136 ," $1,325,919 ", 245 ," $2,895,467 ", 29 ," $1,825,017 ", 459 ," $10,246,293 ", 58 ," $2,718,465 ", 1 ," $5,831 "," 5,938 "," $59,828,159 ",
MASSACHUSETTS,A," 1,943 "," $10,957,687 ", 235 ," $1,703,696 ", 111 ," $2,552,700 ", 2 ," $92,599 ", 298 ," $4,708,838 ", 11 ," $124,036 ", 1 ," $2,354 "," 2,601 "," $20,141,909 ",
MASSACHUSETTS,AE," 12,234 "," $130,711,546 "," 1,844 "," $21,018,588 ", 837 ," $19,086,089 ", 36 ," $1,325,359 "," 1,108 "," $29,877,745 ", 349 ," $18,573,176 ", 25 ," $176,757 "," 16,433 "," $220,769,261 ",
MASSACHUSETTS,AH, 193 ," $1,102,215 ", 31 ," $238,301 ", 9 ," $166,064 ", -   , $-   , 21 ," $760,265 ", -   , $-   , -   , $-   , 254 ," $2,266,846 ",
MASSACHUSETTS,AO, 866 ," $12,592,772 ", 123 ," $885,793 ", 28 ," $574,900 ", 1 ," $66,412 ", 35 ," $1,215,649 ", 21 ," $1,462,869 ", -   , $-   ," 1,074 "," $16,798,395 ",
MASSACHUSETTS,BLANK, 517 ," $4,743,036 ", 89 ," $639,135 ", 49 ," $374,893 ", -   , $-   , 40 ," $1,285,521 ", -   , $-   , -   , $-   , 695 ," $7,042,586 ",
MASSACHUSETTS,D, 8 ," $51,512 ", -   , $-   , -   , $-   , -   , $-   , 3 ," $2,610 ", -   , $-   , -   , $-   , 11 ," $54,122 ",
MASSACHUSETTS,EMG," 2,441 "," $10,723,569 ", 428 ," $1,570,511 ", 152 ," $536,535 ", -   , $-   , 345 ," $3,071,060 ", -   , $-   , 12 ," $57,216 "," 3,378 "," $15,958,891 ",
MASSACHUSETTS,VE," 2,857 "," $50,510,122 ", 233 ," $3,507,892 ", 116 ," $3,264,666 ", 3 ," $245,171 ", 219 ," $5,070,754 ", 64 ," $4,264,457 ", 6 ," $4,059 "," 3,498 "," $66,867,120 ",
MASSACHUSETTS,X," 5,772 "," $57,379,890 ", 659 ," $6,604,072 ", 277 ," $3,291,041 ", 6 ," $53,883 ", 575 ," $19,480,294 ", 77 ," $3,530,793 ", 6 ," $43,966 "," 7,372 "," $90,383,939 ",
MICHIGAN,A," 1,670 "," $10,544,355 ", 31 ," $408,536 ", 52 ," $165,628 ", 8 ," $622,201 ", 105 ," $1,057,668 ", 7 ," $315,879 ", -   , $-   ," 1,873 "," $13,114,265 ",
MICHIGAN,A99, -   , $-   , -   , $-   , -   , $-   , -   , $-   , 1 , $-   , -   , $-   , -   , $-   , 1 , $-   ,
MICHIGAN,AE," 6,658 "," $64,713,553 ", 126 ," $923,467 ", 206 ," $3,936,825 ", 49 ," $4,302,926 ", 300 ," $6,197,327 ", 96 ," $8,257,618 ", 1 , $378 ," 7,436 "," $88,332,093 ",
MICHIGAN,AH, 16 ," $11,364 ", -   , $-   , -   , $-   , -   , $-   , 3 ," $38,208 ", -   , $-   , -   , $-   , 19 ," $49,572 ",
MICHIGAN,AO, 25 ," $385,001 ", 1 ," $1,333 ", -   , $-   , -   , $-   , 2 ," $5,246 ", -   , $-   , -   , $-   , 28 ," $391,580 ",
MICHIGAN,BLANK, 122 ," $927,994 ", -   , $-   , 4 ," $19,016 ", -   , $-   , 25 ," $143,846 ", -   , $-   , -   , $-   , 151 ," $1,090,855 ",
MICHIGAN,D, 8 ," $13,686 ", -   , $-   , -   , $-   , 3 ," $176,828 ", -   , $-   , -   , $-   , -   , $-   , 11 ," $190,514 ",
MICHIGAN,EMG, 988 ," $3,316,262 ", 25 ," $38,718 ", 23 ," $68,643 ", -   , $-   , 88 ," $260,125 ", -   , $-   , -   , $-   ," 1,124 "," $3,683,749 ",
MICHIGAN,VE, 15 ," $312,725 ", -   , $-   , -   , $-   , -   , $-   , -   , $-   , -   , $-   , -   , $-   , 15 ," $312,725 ",
MICHIGAN,X," 3,489 "," $26,553,458 ", 59 ," $205,671 ", 167 ," $3,246,187 ", 20 ," $1,145,357 ", 226 ," $2,715,198 ", 23 ," $690,327 ", -   , $-   ," 3,984 "," $34,556,197 ",
MINNESOTA,A, 949 ," $10,694,832 ", 10 ," $44,490 ", 18 ," $289,254 ", -   , $-   , 198 ," $1,600,469 ", 5 ," $631,041 ", -   , $-   ," 1,180 "," $13,260,085 ",
MINNESOTA,AE," 4,730 "," $58,836,507 ", 165 ," $1,919,416 ", 123 ," $2,327,013 ", 37 ," $996,451 ", 523 ," $14,561,770 ", 92 ," $8,490,269 ", 13 ," $118,845 "," 5,683 "," $87,250,271 ",
MINNESOTA,AH, 9 ," $29,150 ", -   , $-   , -   , $-   , -   , $-   , 6 ," $8,266 ", -   , $-   , -   , $-   , 15 ," $37,416 ",
MINNESOTA,AO, 38 ," $284,711 ", 2 ," $1,316 ", 1 ," $12,837 ", -   , $-   , 7 ," $67,602 ", -   , $-   , -   , $-   , 48 ," $366,465 ",
MINNESOTA,BLANK, 34 ," $215,272 ", 4 ," $22,210 ", -   , $-   , -   , $-   , 9 ," $50,542 ", -   , $-   , -   , $-   , 47 ," $288,024 ",
MINNESOTA,D, 3 ," $4,736 ", -   , $-   , -   , $-   , -   , $-   , -   , $-   , -   , $-   , -   , $-   , 3 ," $4,736 ",
MINNESOTA,EMG, 753 ," $3,018,598 ", 24 ," $94,371 ", 20 ," $19,504 ", 1 ," $120,000 ", 414 ," $1,406,733 ", -   , $-   , 6 ," $11,486 "," 1,218 "," $4,670,691 ",
MINNESOTA,VE, -   , $-   , 1 , $738 , -   , $-   , -   , $-   , -   , $-   , -   , $-   , -   , $-   , 1 , $738 ,
MINNESOTA,X," 3,809 "," $41,010,850 ", 70 ," $470,752 ", 72 ," $650,670 ", 13 ," $828,730 ", 268 ," $5,115,908 ", 40 ," $2,117,869 ", 2 ," $15,644 "," 4,274 "," $50,210,424 ",
MISSISSIPPI,A," 3,839 "," $58,808,120 ", 53 ," $755,103 ", 160 ," $3,410,515 ", 9 ," $524,462 ", 534 ," $6,988,898 ", 49 ," $1,241,798 ", -   , $-   ," 4,644 "," $71,728,895 ",
MISSISSIPPI,A99, 20 ," $213,649 ", -   , $-   , -   , $-   , -   , $-   , -   , $-   , -   , $-   , -   , $-   , 20 ," $213,649 ",
MISSISSIPPI,AE," 33,214 "," $1,650,628,114 ", 821 ," $58,502,976 "," 1,120 "," $108,726,997 ", 75 ," $5,252,249 "," 2,568 "," $175,766,419 ", 269 ," $18,451,375 ", 7 ," $60,199 "," 38,074 "," $2,017,388,328 ",
MISSISSIPPI,AH, 111 ," $3,209,084 ", 2 ," $40,000 ", 1 , $-   , 3 ," $151,884 ", 7 ," $872,151 ", 7 ," $420,158 ", -   , $-   , 131 ," $4,693,276 ",
MISSISSIPPI,AO, 14 ," $269,223 ", -   , $-   , -   , $-   , 2 ," $69,999 ", 5 ," $46,331 ", 4 ," $59,384 ", -   , $-   , 25 ," $444,937 ",
MISSISSIPPI,BLANK, 782 ," $8,126,387 ", -   , $-   , 3 ," $7,981 ", -   , $-   , 35 ," $292,815 ", -   , $-   , -   , $-   , 820 ," $8,427,183 ",
MISSISSIPPI,D, 39 ," $173,781 ", 1 , $-   , -   , $-   , -   , $-   , 4 , $-   , -   , $-   , -   , $-   , 44 ," $173,781 ",
MISSISSIPPI,EMG," 3,327 "," $21,169,359 ", 38 ," $207,331 ", 116 ," $962,165 ", -   , $-   , 641 ," $4,512,658 ", -   , $-   , 10 ," $184,370 "," 4,132 "," $27,035,884 ",
MISSISSIPPI,VE, 940 ," $62,689,503 ", 9 ," $766,772 ", 40 ," $4,768,753 ", 9 ," $694,050 ", 122 ," $18,117,818 ", 39 ," $2,228,772 ", -   , $-   ," 1,159 "," $89,265,668 ",
MISSISSIPPI,X," 12,796 "," $749,017,391 ", 275 ," $12,749,125 ", 382 ," $29,492,309 ", 50 ," $4,406,755 "," 1,405 "," $95,124,144 ", 197 ," $8,878,395 ", -   , $-   ," 15,105 "," $899,668,119 ",
MISSOURI,A," 6,146 "," $88,299,328 ", 198 ," $1,939,794 ", 126 ," $6,395,908 ", 15 ," $390,712 "," 1,068 "," $21,347,424 ", 292 ," $9,688,614 ", 1 , $-   ," 7,846 "," $128,061,780 ",
MISSOURI,A99, 38 ," $366,704 ", 2 ," $23,273 ", -   , $-   , -   , $-   , 9 ," $154,100 ", -   , $-   , -   , $-   , 49 ," $544,077 ",
MISSOURI,AE," 25,300 "," $382,164,778 ", 790 ," $14,281,470 ", 620 ," $31,352,979 ", 242 ," $25,638,074 "," 4,700 "," $135,189,552 "," 1,061 "," $80,623,512 ", 5 ," $30,930 "," 32,718 "," $669,281,295 ",
MISSOURI,AH, 432 ," $3,567,259 ", 5 ," $89,811 ", 5 ," $6,007 ", 2 , $-   , 83 ," $3,394,019 ", 22 ," $1,194,553 ", -   , $-   , 549 ," $8,251,648 ",
MISSOURI,AO, 88 ," $1,411,184 ", 7 ," $251,051 ", -   , $-   , 1 , $-   , 53 ," $5,462,435 ", 26 ," $1,801,429 ", -   , $-   , 175 ," $8,926,099 ",
MISSOURI,BLANK, 421 ," $5,997,423 ", 5 ," $63,942 ", -   , $-   , -   , $-   , 62 ," $1,486,810 ", -   , $-   , -   , $-   , 488 ," $7,548,175 ",
MISSOURI,D, 10 ," $283,546 ", -   , $-   , -   , $-   , -   , $-   , 4 ," $81,033 ", -   , $-   , 2 ," $27,872 ", 16 ," $392,451 ",
MISSOURI,EMG," 2,057 "," $10,081,753 ", 63 ," $398,230 ", 38 ," $262,617 ", -   , $-   , 278 ," $1,818,271 ", -   , $-   , 4 ," $27,490 "," 2,440 "," $12,588,361 ",
MISSOURI,INV, 4 ," $12,224 ", -   , $-   , -   , $-   , -   , $-   , -   , $-   , -   , $-   , -   , $-   , 4 ," $12,224 ",
MISSOURI,VE, 4 ," $24,018 ", 4 ," $2,527 ", 2 , $-   , -   , $-   , -   , $-   , -   , $-   , -   , $-   , 10 ," $26,545 ",
MISSOURI,X," 4,913 "," $59,243,762 ", 222 ," $3,006,629 ", 201 ," $2,145,782 ", 72 ," $5,664,884 "," 1,207 "," $42,316,438 ", 221 ," $17,715,730 ", 1 , $-   ," 6,837 "," $130,093,225 ",
MONTANA,A, 280 ," $3,239,862 ", 1 , $125 , 11 ," $13,542 ", -   , $-   , 36 ," $106,807 ", 4 ," $10,000 ", -   , $-   , 332 ," $3,370,335 ",
MONTANA,AE, 431 ," $6,423,407 ", 9 ," $6,576 ", 9 ," $54,373 ", -   , $-   , 21 ," $211,374 ", 14 ," $651,077 ", 1 ," $9,445 ", 485 ," $7,356,252 ",
MONTANA,AO, 36 ," $186,369 ", -   , $-   , 1 , $574 , -   , $-   , 1 , $-   , -   , $-   , -   , $-   , 38 ," $186,943 ",
MONTANA,BLANK, 9 ," $44,078 ", -   , $-   , -   , $-   , -   , $-   , -   , $-   , -   , $-   , -   , $-   , 9 ," $44,078 ",
MONTANA,D, 29 ," $300,795 ", -   , $-   , 1 ," $2,410 ", -   , $-   , 4 ," $22,314 ", -   , $-   , -   , $-   , 34 ," $325,518 ",
MONTANA,EMG, 444 ," $1,280,792 ", 18 ," $83,032 ", 11 ," $25,429 ", -   , $-   , 107 ," $295,054 ", -   , $-   , 3 ," $2,814 ", 583 ," $1,687,122 ",
MONTANA,X, 667 ," $5,587,537 ", 10 ," $14,536 ", 11 ," $41,087 ", 1 , $-   , 41 ," $193,961 ", 4 ," $16,319 ", -   , $-   , 734 ," $5,853,441 ",
NEBRASKA,A," 1,135 "," $11,110,571 ", 10 ," $10,661 ", 7 ," $33,834 ", 13 ," $149,112 ", 86 ," $1,837,836 ", 21 ," $106,100 ", -   , $-   ," 1,272 "," $13,248,114 ",
NEBRASKA,AE," 2,410 "," $44,658,583 ", 19 ," $231,926 ", 34 ," $697,118 ", 25 ," $3,723,278 ", 150 ," $3,686,336 ", 72 ," $8,004,692 ", -   , $-   ," 2,710 "," $61,001,933 ",
NEBRASKA,AH, 26 ," $172,015 ", 1 , $-   , 4 ," $15,844 ", -   , $-   , 2 ," $7,309 ", -   , $-   , -   , $-   , 33 ," $195,168 ",
NEBRASKA,AO, 333 ," $2,093,093 ", 2 ," $1,237 ", 1 ," $1,757 ", -   , $-   , 11 ," $64,642 ", 3 ," $9,081 ", -   , $-   , 350 ," $2,169,810 ",
NEBRASKA,BLANK, 55 ," $408,374 ", -   , $-   , -   , $-   , -   , $-   , 2 ," $11,614 ", -   , $-   , -   , $-   , 57 ," $419,988 ",
NEBRASKA,D, 1 ," $10,257 ", -   , $-   , -   , $-   , -   , $-   , 1 , $537 , -   , $-   , -   , $-   , 2 ," $10,794 ",
NEBRASKA,EMG, 402 ," $1,627,376 ", 2 , $-   , 3 ," $11,082 ", -   , $-   , 39 ," $75,564 ", -   , $-   , -   , $-   , 446 ," $1,714,022 ",
NEBRASKA,V, 1 ," $5,083 ", -   , $-   , -   , $-   , -   , $-   , -   , $-   , -   , $-   , -   , $-   , 1 ," $5,083 ",
NEBRASKA,VE, 2 , $884 , -   , $-   , -   , $-   , -   , $-   , -   , $-   , -   , $-   , -   , $-   , 2 , $884 ,
NEBRASKA,X," 1,025 "," $12,910,258 ", 16 ," $112,885 ", 45 ," $976,690 ", 4 ," $641,236 ", 90 ," $1,732,763 ", 13 ," $2,716,337 ", -   , $-   ," 1,193 "," $19,090,169 ",
NEVADA,A, 248 ," $2,401,803 ", 8 ," $8,100 ", 34 ," $92,746 ", -   , $-   , 103 ," $3,984,621 ", 10 ," $905,487 ", -   , $-   , 403 ," $7,392,757 ",
NEVADA,AE, 273 ," $5,964,751 ", 4 ," $25,146 ", 23 ," $281,136 ", 2 , $-   , 167 ," $12,786,836 ", 57 ," $4,282,639 ", -   , $-   , 526 ," $23,340,508 ",
NEVADA,AH, 17 ," $253,039 ", 1 , $-   , 1 , $-   , -   , $-   , 1 , $-   , -   , $-   , -   , $-   , 20 ," $253,039 ",
NEVADA,AO, 205 ," $2,133,549 ", 8 ," $158,898 ", -   , $-   , 3 ," $80,599 ", 16 ," $225,578 ", 3 ," $122,868 ", -   , $-   , 235 ," $2,721,493 ",
NEVADA,BLANK, 10 ," $186,074 ", -   , $-   , 3 ," $43,178 ", -   , $-   , 4 ," $88,613 ", -   , $-   , -   , $-   , 17 ," $317,864 ",
NEVADA,D, 2 , $210 , -   , $-   , -   , $-   , -   , $-   , -   , $-   , -   , $-   , -   , $-   , 2 , $210 ,
NEVADA,EMG, 124 ," $290,931 ", 8 ," $8,373 ", -   , $-   , -   , $-   , 27 ," $569,790 ", -   , $-   , -   , $-   , 159 ," $869,094 ",
NEVADA,X, 422 ," $5,613,049 ", 6 ," $11,904 ", 21 ," $161,115 ", 1 , $-   , 121 ," $5,219,459 ", 17 ," $725,568 ", -   , $-   , 588 ," $11,731,094 ",
NEW HAMPSHIRE,A, 398 ," $3,720,949 ", 47 ," $227,777 ", 49 ," $952,928 ", 1 , $-   , 77 ," $931,689 ", 15 ," $278,597 ", -   , $-   , 587 ," $6,111,939 ",
NEW HAMPSHIRE,AE," 1,268 "," $17,944,287 ", 220 ," $3,522,724 ", 127 ," $5,800,614 ", 7 ," $1,040,798 ", 176 ," $7,418,224 ", 55 ," $2,378,483 ", -   , $-   ," 1,853 "," $38,105,130 ",
NEW HAMPSHIRE,AO, 146 ," $1,757,614 ", 12 ," $139,800 ", 5 ," $53,511 ", -   , $-   , 31 ," $470,457 ", -   , $-   , -   , $-   , 194 ," $2,421,382 ",
NEW HAMPSHIRE,BLANK, 70 ," $223,215 ", 6 ," $26,480 ", 4 ," $97,598 ", -   , $-   , 4 ," $99,906 ", -   , $-   , -   , $-   , 84 ," $447,200 ",
NEW HAMPSHIRE,EMG, 305 ," $839,989 ", 61 ," $103,708 ", 19 ," $40,427 ", -   , $-   , 109 ," $585,789 ", -   , $-   , 5 ," $6,278 ", 499 ," $1,576,191 ",
NEW HAMPSHIRE,VE, 72 ," $1,112,776 ", 8 ," $113,460 ", 3 ," $129,821 ", -   , $-   , 6 ," $447,749 ", 3 ," $70,609 ", -   , $-   , 92 ," $1,874,415 ",
NEW HAMPSHIRE,X, 919 ," $10,452,216 ", 57 ," $341,828 ", 51 ," $1,370,337 ", 4 ," $548,864 ", 70 ," $3,053,663 ", 9 ," $551,558 ", -   , $-   ," 1,110 "," $16,318,467 ",
NEW JERSEY,A," 3,648 "," $42,889,433 ", 364 ," $4,097,458 ", 175 ," $4,156,945 ", 5 ," $942,729 ", 483 ," $16,450,998 ", 43 ," $8,678,921 ", 2 ," $1,625 "," 4,720 "," $77,218,109 ",
NEW JERSEY,A99, 1 ," $7,958 ", -   , $-   , -   , $-   , -   , $-   , -   , $-   , -   , $-   , -   , $-   , 1 ," $7,958 ",
NEW JERSEY,AE," 127,031 "," $4,087,169,443 "," 22,738 "," $437,270,151 "," 6,086 "," $314,330,904 ", 867 ," $88,421,081 "," 8,825 "," $446,234,088 "," 2,245 "," $245,841,448 ", 12 ," $12,870 "," 167,804 "," $5,619,279,985 ",
NEW JERSEY,AH, 142 ," $2,923,622 ", 176 ," $2,029,579 ", 17 ," $242,401 ", 6 ," $114,442 ", 29 ," $1,972,628 ", 6 ," $700,788 ", -   , $-   , 376 ," $7,983,460 ",
NEW JERSEY,AO," 1,874 "," $65,736,917 ", 501 ," $11,947,687 ", 51 ," $4,507,112 ", 11 ," $1,330,483 ", 62 ," $2,757,441 ", 21 ," $1,384,051 ", -   , $-   ," 2,520 "," $87,663,692 ",
NEW JERSEY,BLANK, 621 ," $6,033,802 ", 30 ," $122,907 ", 3 ," $163,756 ", -   , $-   , 64 ," $2,479,776 ", -   , $-   , -   , $-   , 718 ," $8,800,240 ",
NEW JERSEY,D, 49 ," $404,660 ", -   , $-   , -   , $-   , -   , $-   , 3 ," $8,884 ", -   , $-   , -   , $-   , 52 ," $413,544 ",
NEW JERSEY,EMG," 2,352 "," $4,676,565 ", 283 ," $541,821 ", 108 ," $352,590 ", -   , $-   , 514 ," $3,620,784 ", -   , $-   , 10 ," $19,092 "," 3,267 "," $9,210,853 ",
NEW JERSEY,V, 1 ," $1,798 ", -   , $-   , -   , $-   , -   , $-   , -   , $-   , -   , $-   , -   , $-   , 1 ," $1,798 ",
NEW JERSEY,VE," 1,731 "," $81,406,935 ", 399 ," $7,828,117 ", 140 ," $14,861,304 ", 16 ," $2,445,247 ", 315 ," $13,039,169 ", 64 ," $13,853,511 ", -   , $-   ," 2,665 "," $133,434,282 ",
NEW JERSEY,X," 15,432 "," $294,560,722 "," 1,540 "," $30,830,837 ", 700 ," $40,376,178 ", 183 ," $17,717,264 "," 1,959 "," $97,990,176 ", 395 ," $40,670,080 ", 3 ," $8,299 "," 20,212 "," $522,153,556 ",
NEW MEXICO,A, 255 ," $2,639,388 ", 17 ," $76,306 ", 2 ," $111,000 ", 1 ," $40,000 ", 21 ," $471,475 ", 5 ," $106,000 ", -   , $-   , 301 ," $3,444,169 ",
NEW MEXICO,AE, 302 ," $5,307,923 ", 10 ," $148,788 ", 9 ," $43,391 ", 4 ," $182,049 ", 38 ," $733,301 ", 17 ," $448,982 ", -   , $-   , 380 ," $6,864,436 ",
NEW MEXICO,AH, 123 ," $1,561,223 ", 4 ," $16,606 ", 24 ," $199,068 ", 8 ," $163,260 ", 12 ," $21,863 ", 7 ," $141,141 ", -   , $-   , 178 ," $2,103,161 ",
NEW MEXICO,AO, 149 ," $781,592 ", 4 , $368 , 5 ," $737,357 ", 2 , $-   , 3 ," $30,709 ", 4 ," $36,551 ", -   , $-   , 167 ," $1,586,577 ",
NEW MEXICO,BLANK, 28 ," $73,237 ", 2 ," $26,752 ", 1 ," $20,098 ", -   , $-   , 2 ," $8,522 ", -   , $-   , -   , $-   , 33 ," $128,609 ",
NEW MEXICO,EMG, 142 ," $317,664 ", 5 ," $5,814 ", 3 , $-   , -   , $-   , 25 ," $185,295 ", -   , $-   , 3 ," $19,182 ", 178 ," $527,955 ",
NEW MEXICO,VE, -   , $-   , 1 ," $5,958 ", -   , $-   , -   , $-   , -   , $-   , -   , $-   , -   , $-   , 1 ," $5,958 ",
NEW MEXICO,X, 391 ," $5,643,616 ", 27 ," $380,128 ", 27 ," $2,484,706 ", 1 , $-   , 34 ," $380,141 ", 15 ," $29,416 ", -   , $-   , 495 ," $8,918,007 ",
NEW YORK,A," 7,457 "," $86,232,157 ", 796 ," $7,483,216 ", 254 ," $6,997,193 ", 15 ," $118,651 ", 826 ," $19,520,722 ", 36 ," $2,109,363 ", 1 , $728 ," 9,385 "," $122,462,030 ",
NEW YORK,AE," 77,900 "," $3,016,515,814 "," 8,829 "," $290,641,374 "," 2,322 "," $216,202,000 ", 244 ," $21,891,238 "," 3,832 "," $281,093,933 "," 1,200 "," $141,480,142 ", 7 ," $5,183 "," 94,334 "," $3,967,829,685 ",
NEW YORK,AH, 25 ," $702,469 ", 4 ," $24,634 ", -   , $-   , -   , $-   , 14 ," $692,702 ", -   , $-   , -   , $-   , 43 ," $1,419,804 ",
NEW YORK,AO, 196 ," $3,141,472 ", 34 ," $525,162 ", 4 ," $95,163 ", 1 ," $45,893 ", 35 ," $1,094,130 ", 5 ," $171,721 ", -   , $-   , 275 ," $5,073,541 ",
NEW YORK,BLANK, 868 ," $7,101,152 ", 121 ," $484,738 ", 22 ," $180,152 ", -   , $-   , 56 ," $442,828 ", -   , $-   , 3 ," $2,325 "," 1,070 "," $8,211,194 ",
NEW YORK,D, 76 ," $233,480 ", 4 ," $2,925 ", -   , $-   , -   , $-   , 7 ," $43,657 ", -   , $-   , 3 ," $1,080 ", 90 ," $281,142 ",
NEW YORK,EMG," 16,894 "," $30,446,228 "," 4,263 "," $7,841,668 ", 484 ," $1,304,010 ", -   , $-   ," 1,956 "," $10,956,324 ", -   , $-   , 36 ," $64,807 "," 23,633 "," $50,613,036 ",
NEW YORK,V, 1 , $-   , -   , $-   , -   , $-   , -   , $-   , -   , $-   , -   , $-   , -   , $-   , 1 , $-   ,
NEW YORK,VE," 2,384 "," $75,962,073 ", 89 ," $1,963,943 ", 167 ," $8,793,928 ", 11 ," $1,631,600 ", 189 ," $7,929,057 ", 48 ," $3,493,546 ", 1 , $175 ," 2,889 "," $99,774,323 ",
NEW YORK,X," 37,106 "," $1,049,333,659 "," 4,282 "," $120,199,518 "," 1,430 "," $120,909,079 ", 71 ," $7,464,745 "," 2,180 "," $136,723,868 ", 384 ," $34,832,364 ", 6 ," $11,542 "," 45,459 "," $1,469,474,775 ",
N. MARIANA ISLAND,AE, 1 ," $2,040 ", -   , $-   , -   , $-   , -   , $-   , -   , $-   , -   , $-   , -   , $-   , 1 ," $2,040 ",
N. MARIANA ISLAND,EMG, 3 ," $7,583 ", -   , $-   , -   , $-   , -   , $-   , -   , $-   , -   , $-   , -   , $-   , 3 ," $7,583 ",
NORTH CAROLINA,A," 2,459 "," $40,585,854 ", 97 ," $938,359 ", 44 ," $1,320,374 ", 4 ," $94,311 ", 316 ," $6,121,329 ", 7 ," $288,300 ", -   , $-   ," 2,927 "," $49,348,526 ",
NORTH CAROLINA,AE," 60,454 "," $1,036,271,603 "," 3,436 "," $57,493,962 "," 2,496 "," $93,263,156 ", 807 ," $50,809,022 "," 4,215 "," $143,993,543 "," 1,605 "," $97,225,174 ", -   , $-   ," 73,013 "," $1,479,056,460 ",
NORTH CAROLINA,AH, 155 ," $1,675,877 ", 7 ," $50,038 ", 9 ," $35,201 ", 3 ," $599,464 ", 8 ," $1,376,193 ", 11 ," $473,025 ", -   , $-   , 193 ," $4,209,798 ",
NORTH CAROLINA,AO, 487 ," $4,238,692 ", 26 ," $501,607 ", 16 ," $330,314 ", 5 ," $132,236 ", 20 ," $878,419 ", 7 ," $367,606 ", -   , $-   , 561 ," $6,448,875 ",
NORTH CAROLINA,BLANK," 1,078 "," $13,015,948 ", 2 , $-   , 2 , $-   , -   , $-   , 8 ," $65,562 ", -   , $-   , -   , $-   ," 1,090 "," $13,081,510 ",
NORTH CAROLINA,D, 6 ," $50,266 ", -   , $-   , 1 , $-   , -   , $-   , 3 ," $10,063 ", -   , $-   , -   , $-   , 10 ," $60,329 ",
NORTH CAROLINA,EMG, 442 ," $945,320 ", 25 ," $34,279 ", 4 ," $3,817 ", -   , $-   , 194 ," $1,565,905 ", -   , $-   , 4 ," $65,082 ", 669 ," $2,614,404 ",
NORTH CAROLINA,V, 310 ," $2,588,901 ", 23 ," $383,056 ", 3 ," $14,372 ", -   , $-   , 19 ," $484,365 ", -   , $-   , -   , $-   , 355 ," $3,470,694 ",
NORTH CAROLINA,VE," 7,619 "," $70,447,446 "," 1,089 "," $11,526,391 ", 363 ," $15,536,292 ", 53 ," $1,186,050 ", 320 ," $9,090,182 ", 484 ," $5,480,723 ", -   , $-   ," 9,928 "," $113,267,084 ",
NORTH CAROLINA,X," 16,647 "," $277,794,753 ", 946 ," $16,979,545 ", 823 ," $30,158,486 ", 158 ," $8,898,177 "," 1,153 "," $32,253,211 ", 311 ," $21,886,158 ", -   , $-   ," 20,038 "," $387,970,329 ",
NORTH DAKOTA,A, 917 ," $12,978,630 ", 20 ," $291,874 ", 8 ," $77,878 ", -   , $-   , 219 ," $2,569,305 ", -   , $-   , -   , $-   ," 1,164 "," $15,917,686 ",
NORTH DAKOTA,A99, 74 ," $400,050 ", 6 ," $66,893 ", 10 ," $20,438 ", -   , $-   , 1 , $-   , -   , $-   , -   , $-   , 91 ," $487,381 ",
NORTH DAKOTA,AE," 3,717 "," $62,508,924 ", 127 ," $2,226,239 ", 80 ," $1,988,602 ", 8 ," $319,704 ", 304 ," $10,205,305 ", 18 ," $516,836 ", 6 ," $16,264 "," 4,260 "," $77,781,874 ",
NORTH DAKOTA,AH, 28 ," $86,385 ", -   , $-   , -   , $-   , -   , $-   , -   , $-   , -   , $-   , -   , $-   , 28 ," $86,385 ",
NORTH DAKOTA,BLANK, 38 ," $368,748 ", -   , $-   , 1 , $-   , -   , $-   , 6 ," $41,704 ", -   , $-   , -   , $-   , 45 ," $410,452 ",
NORTH DAKOTA,D, 521 ," $15,168,981 ", -   , $-   , 9 ," $73,475 ", -   , $-   , 200 ," $2,697,662 ", -   , $-   , 1 ," $1,822 ", 731 ," $17,941,939 ",
NORTH DAKOTA,EMG," 1,012 "," $3,386,078 ", 23 ," $40,282 ", 18 ," $41,098 ", -   , $-   , 444 ," $1,482,312 ", -   , $-   , 4 ," $20,365 "," 1,501 "," $4,970,135 ",
NORTH DAKOTA,VE, 3 ," $3,734 ", 1 ," $6,017 ", -   , $-   , -   , $-   , -   , $-   , -   , $-   , -   , $-   , 4 ," $9,751 ",
NORTH DAKOTA,X," 4,664 "," $123,392,635 ", 142 ," $2,893,510 ", 86 ," $2,592,039 ", 9 ," $185,465 ", 576 ," $12,530,572 ", 9 ," $119,426 ", -   , $-   ," 5,486 "," $141,713,647 ",
OHIO,A," 3,159 "," $27,828,140 ", 97 ," $772,747 ", 104 ," $1,774,380 ", 11 ," $1,106,551 ", 455 ," $8,944,299 ", 28 ," $1,446,980 ", -   , $-   ," 3,854 "," $41,873,098 ",
OHIO,AE," 9,979 "," $101,614,134 ", 505 ," $8,432,209 ", 310 ," $7,753,448 ", 114 ," $4,360,770 "," 1,774 "," $59,704,426 ", 502 ," $28,157,728 ", 2 ," $3,209 "," 13,186 "," $210,025,924 ",
OHIO,AH, 11 ," $49,068 ", 6 ," $8,463 ", -   , $-   , -   , $-   , 1 ," $1,288 ", -   , $-   , -   , $-   , 18 ," $58,819 ",
OHIO,AO, 158 ," $2,324,494 ", 6 ," $228,088 ", 5 ," $17,196 ", 2 ," $34,111 ", 18 ," $330,239 ", 8 ," $313,046 ", -   , $-   , 197 ," $3,247,176 ",
OHIO,BLANK, 432 ," $2,480,148 ", 3 ," $20,717 ", 2 ," $1,100 ", -   , $-   , 85 ," $805,576 ", -   , $-   , -   , $-   , 522 ," $3,307,541 ",
OHIO,D, 16 ," $40,157 ", -   , $-   , -   , $-   , -   , $-   , 1 ," $50,000 ", -   , $-   , 1 , $750 , 18 ," $90,907 ",
OHIO,EMG," 2,879 "," $7,515,295 ", 131 ," $303,344 ", 85 ," $145,871 ", -   , $-   , 696 ," $5,099,041 ", -   , $-   , 10 ," $4,895 "," 3,801 "," $13,068,447 ",
OHIO,VE, 10 ," $94,399 ", 2 ," $26,468 ", 3 ," $8,888 ", -   , $-   , 6 ," $10,742 ", -   , $-   , -   , $-   , 21 ," $140,497 ",
OHIO,X," 5,210 "," $53,618,612 ", 156 ," $1,747,510 ", 382 ," $7,617,620 ", 24 ," $1,230,756 ", 607 ," $17,037,954 ", 120 ," $7,682,388 ", -   , $-   ," 6,499 "," $88,934,840 ",
OKLAHOMA,A," 2,193 "," $40,636,573 ", 36 ," $449,293 ", 50 ," $967,563 ", 7 ," $1,163,114 ", 238 ," $3,206,571 ", 22 ," $1,194,468 ", -   , $-   ," 2,546 "," $47,617,581 ",
OKLAHOMA,AE," 4,389 "," $88,040,057 ", 203 ," $2,703,868 ", 198 ," $3,530,649 ", 25 ," $1,725,531 ", 686 ," $13,651,908 ", 144 ," $8,999,716 ", 1 , $534 ," 5,646 "," $118,652,263 ",
OKLAHOMA,AH, 5 ," $566,170 ", -   , $-   , -   , $-   , -   , $-   , -   , $-   , -   , $-   , -   , $-   , 5 ," $566,170 ",
OKLAHOMA,AO, 57 ," $276,044 ", 3 ," $6,397 ", 2 , $-   , 1 , $-   , 29 ," $338,876 ", 14 ," $276,653 ", -   , $-   , 106 ," $897,971 ",
OKLAHOMA,BLANK, 62 ," $789,383 ", 2 ," $14,973 ", -   , $-   , -   , $-   , 5 ," $33,436 ", -   , $-   , -   , $-   , 69 ," $837,792 ",
OKLAHOMA,D, 276 ," $1,039,981 ", 21 ," $24,611 ", 25 ," $21,916 ", -   , $-   , 21 ," $101,423 ", -   , $-   , 1 , $104 , 344 ," $1,188,036 ",
OKLAHOMA,EMG, 209 ," $1,647,494 ", 4 ," $4,150 ", 6 ," $5,160 ", -   , $-   , 26 ," $211,462 ", -   , $-   , -   , $-   , 245 ," $1,868,267 ",
OKLAHOMA,VE, 2 ," $8,513 ", -   , $-   , -   , $-   , -   , $-   , -   , $-   , -   , $-   , -   , $-   , 2 ," $8,513 ",
OKLAHOMA,X," 2,870 "," $58,244,444 ", 172 ," $1,786,538 ", 312 ," $7,003,940 ", 16 ," $1,166,365 ", 458 ," $10,063,141 ", 86 ," $4,860,908 ", -   , $-   ," 3,914 "," $83,125,335 ",
OREGON,A, 758 ," $10,695,087 ", 36 ," $463,566 ", 19 ," $161,822 ", -   , $-   , 64 ," $1,089,942 ", 6 ," $207,668 ", -   , $-   , 883 ," $12,618,084 ",
OREGON,AE," 2,240 "," $35,743,786 ", 75 ," $2,597,645 ", 64 ," $1,670,043 ", 8 ," $343,710 ", 391 ," $12,425,577 ", 88 ," $4,983,032 ", -   , $-   ," 2,866 "," $57,763,793 ",
OREGON,AH, 21 ," $183,961 ", 3 ," $28,364 ", 2 , $500 , -   , $-   , 12 ," $309,008 ", 4 ," $117,842 ", -   , $-   , 42 ," $639,674 ",
OREGON,AO, 90 ," $577,390 ", 6 ," $25,312 ", 4 ," $5,467 ", -   , $-   , 11 ," $321,285 ", 1 , $-   , -   , $-   , 112 ," $929,455 ",
OREGON,BLANK, 16 ," $120,684 ", -   , $-   , 1 ," $4,011 ", -   , $-   , 6 ," $41,803 ", -   , $-   , -   , $-   , 23 ," $166,498 ",
OREGON,D, 9 ," $124,419 ", 1 ," $5,455 ", -   , $-   , -   , $-   , 3 , $-   , -   , $-   , -   , $-   , 13 ," $129,874 ",
OREGON,EMG, 273 ," $1,014,214 ", 11 ," $14,865 ", 21 ," $8,453 ", -   , $-   , 53 ," $278,926 ", -   , $-   , -   , $-   , 358 ," $1,316,457 ",
OREGON,V, -   , $-   , -   , $-   , 4 , $-   , -   , $-   , -   , $-   , -   , $-   , -   , $-   , 4 , $-   ,
OREGON,VE, 28 ," $217,139 ", 2 ," $7,769 ", 36 ," $582,285 ", -   , $-   , 4 ," $269,769 ", 3 ," $87,914 ", -   , $-   , 73 ," $1,164,876 ",
OREGON,X," 1,327 "," $19,604,770 ", 69 ," $1,419,006 ", 57 ," $1,229,913 ", 2 ," $379,603 ", 158 ," $5,780,537 ", 15 ," $304,310 ", 1 , $-   ," 1,629 "," $28,718,138 ",
PENNSYLVANIA,A," 7,767 "," $91,296,845 ", 329 ," $3,661,850 ", 148 ," $4,033,741 ", 28 ," $1,188,277 "," 1,186 "," $31,790,002 ", 74 ," $3,727,956 ", 5 ," $6,450 "," 9,537 "," $135,705,120 ",
PENNSYLVANIA,A99, 59 ," $698,919 ", 15 ," $298,190 ", -   , $-   , 3 ," $63,643 ", 7 ," $131,324 ", 2 ," $1,021,036 ", -   , $-   , 86 ," $2,213,112 ",
PENNSYLVANIA,AE," 29,646 "," $495,501,415 "," 2,722 "," $42,639,582 "," 1,037 "," $54,996,264 ", 399 ," $30,378,020 "," 5,158 "," $208,863,869 "," 1,243 "," $87,392,241 ", 10 ," $28,153 "," 40,215 "," $919,799,543 ",
PENNSYLVANIA,AH, 3 ," $5,807 ", 1 , $-   , -   , $-   , -   , $-   , -   , $-   , -   , $-   , -   , $-   , 4 ," $5,807 ",
PENNSYLVANIA,AO, 67 ," $592,631 ", 7 ," $55,818 ", 2 ," $2,518 ", -   , $-   , 23 ," $774,393 ", 6 ," $880,379 ", -   , $-   , 105 ," $2,305,738 ",
PENNSYLVANIA,BLANK, 586 ," $3,818,752 ", 15 ," $35,314 ", 8 ," $141,090 ", -   , $-   , 76 ," $377,657 ", -   , $-   , 1 , $-   , 686 ," $4,372,812 ",
PENNSYLVANIA,D, 11 ," $13,362 ", -   , $-   , -   , $-   , -   , $-   , -   , $-   , -   , $-   , 1 , $579 , 12 ," $13,941 ",
PENNSYLVANIA,EMG," 4,622 "," $10,464,877 ", 261 ," $456,952 ", 108 ," $483,775 ", -   , $-   ," 1,099 "," $5,758,622 ", -   , $-   , 13 ," $33,559 "," 6,103 "," $17,197,784 ",
PENNSYLVANIA,INV, 1 , $-   , -   , $-   , -   , $-   , -   , $-   , -   , $-   , -   , $-   , -   , $-   , 1 , $-   ,
PENNSYLVANIA,VE, 29 ," $168,358 ", 2 ," $17,380 ", 2 ," $17,662 ", -   , $-   , 2 , $284 , -   , $-   , -   , $-   , 35 ," $203,684 ",
PENNSYLVANIA,X," 15,326 "," $194,670,588 "," 1,063 "," $13,112,123 ", 576 ," $10,006,625 ", 148 ," $9,644,849 "," 2,742 "," $92,394,993 ", 425 ," $31,142,615 ", 6 ," $2,743 "," 20,286 "," $350,974,535 ",
PUERTO RICO,A," 9,519 "," $29,600,499 ", 359 ," $1,273,366 ", 180 ," $681,129 ", 2 , $-   ," 1,532 "," $18,156,178 ", 18 ," $163,643 ", 18 ," $43,033 "," 11,628 "," $49,917,848 ",
PUERTO RICO,AE," 5,254 "," $28,652,354 ", 343 ," $3,305,608 ", 51 ," $783,498 ", 49 ," $2,427,144 ", 607 ," $12,719,940 ", 199 ," $11,831,613 ", -   , $-   ," 6,503 "," $59,720,157 ",
PUERTO RICO,AH, 1 ," $2,566 ", -   , $-   , -   , $-   , -   , $-   , 7 ," $123,406 ", -   , $-   , -   , $-   , 8 ," $125,972 ",
PUERTO RICO,AO, 104 ," $332,903 ", 3 ," $1,755 ", 4 ," $38,473 ", 2 ," $15,296 ", 14 ," $138,107 ", 9 ," $164,286 ", -   , $-   , 136 ," $690,821 ",
PUERTO RICO,BLANK," 2,865 "," $11,683,889 ", -   , $-   , -   , $-   , -   , $-   , 50 ," $44,113 ", -   , $-   , -   , $-   ," 2,915 "," $11,728,003 ",
PUERTO RICO,D, 20 ," $80,036 ", -   , $-   , 1 , $-   , -   , $-   , 4 ," $5,905 ", 1 ," $7,130 ", 12 ," $20,845 ", 38 ," $113,916 ",
PUERTO RICO,EMG, 175 ," $190,857 ", 12 ," $9,714 ", -   , $-   , -   , $-   , 67 ," $287,951 ", -   , $-   , -   , $-   , 254 ," $488,522 ",
PUERTO RICO,VE, 170 ," $702,538 ", 5 ," $123,717 ", 1 , $660 , 2 ," $11,860 ", 34 ," $400,078 ", 6 ," $165,886 ", -   , $-   , 218 ," $1,404,738 ",
PUERTO RICO,X," 2,679 "," $16,266,838 ", 101 ," $757,061 ", 63 ," $554,531 ", 16 ," $1,188,799 ", 802 ," $14,035,355 ", 69 ," $3,976,602 ", 1 , $483 ," 3,731 "," $36,779,670 ",
RHODE ISLAND,A, 173 ," $1,587,983 ", 7 ," $113,789 ", 1 , $-   , -   , $-   , 141 ," $5,329,061 ", 3 ," $194,330 ", -   , $-   , 325 ," $7,225,163 ",
RHODE ISLAND,AE," 2,756 "," $27,325,631 ", 300 ," $4,061,791 ", 99 ," $8,332,690 ", 27 ," $4,779,141 ", 568 ," $24,265,900 ", 85 ," $10,478,839 ", -   , $-   ," 3,835 "," $79,243,991 ",
RHODE ISLAND,AO, 23 ," $430,900 ", 5 ," $77,906 ", -   , $-   , -   , $-   , 15 ," $615,980 ", -   , $-   , -   , $-   , 43 ," $1,124,786 ",
RHODE ISLAND,BLANK, 10 ," $67,409 ", 1 , $149 , -   , $-   , -   , $-   , 1 ," $5,054 ", -   , $-   , 1 , $663 , 13 ," $73,275 ",
RHODE ISLAND,D, 17 ," $73,824 ", -   , $-   , -   , $-   , -   , $-   , 18 ," $361,811 ", -   , $-   , -   , $-   , 35 ," $435,635 ",
RHODE ISLAND,EMG, 30 ," $76,977 ", -   , $-   , 1 , $-   , -   , $-   , 11 ," $335,929 ", -   , $-   , -   , $-   , 42 ," $412,906 ",
RHODE ISLAND,V, -   , $-   , 1 ," $1,674 ", -   , $-   , -   , $-   , -   , $-   , -   , $-   , -   , $-   , 1 ," $1,674 ",
RHODE ISLAND,VE, 580 ," $7,711,649 ", 46 ," $366,450 ", 5 ," $84,479 ", 11 ," $715,703 ", 215 ," $10,147,845 ", 43 ," $5,977,751 ", -   , $-   , 900 ," $25,003,876 ",
RHODE ISLAND,X," 1,427 "," $10,685,294 ", 78 ," $1,281,851 ", 40 ," $990,329 ", 4 ," $535,592 ", 253 ," $9,341,681 ", 17 ," $1,301,674 ", -   , $-   ," 1,819 "," $24,136,421 ",
SOUTH CAROLINA,A," 1,182 "," $23,330,512 ", 47 ," $573,771 ", 45 ," $4,970,169 ", 6 ," $562,461 ", 47 ," $2,176,024 ", 9 ," $145,566 ", 1 , $-   ," 1,337 "," $31,758,503 ",
SOUTH CAROLINA,AE," 28,195 "," $493,760,037 "," 2,571 "," $47,754,567 "," 2,077 "," $80,244,134 ", 127 ," $8,668,874 "," 1,381 "," $44,088,798 ", 438 ," $23,892,401 ", 10 ," $243,484 "," 34,799 "," $698,652,296 ",
SOUTH CAROLINA,AO, 35 ," $503,180 ", -   , $-   , 1 ," $18,869 ", -   , $-   , 2 , $-   , 1 , $-   , -   , $-   , 39 ," $522,049 ",
SOUTH CAROLINA,BLANK, 309 ," $5,363,270 ", 1 ," $2,103 ", -   , $-   , -   , $-   , 1 , $-   , -   , $-   , -   , $-   , 311 ," $5,365,373 ",
SOUTH CAROLINA,D, 4 ," $17,546 ", -   , $-   , -   , $-   , -   , $-   , -   , $-   , -   , $-   , -   , $-   , 4 ," $17,546 ",
SOUTH CAROLINA,EMG, 109 ," $263,762 ", 17 ," $13,159 ", 13 ," $39,328 ", -   , $-   , 14 ," $24,698 ", -   , $-   , -   , $-   , 153 ," $340,948 ",
SOUTH CAROLINA,V, 4 ," $151,092 ", -   , $-   , -   , $-   , -   , $-   , -   , $-   , -   , $-   , -   , $-   , 4 ," $151,092 ",
SOUTH CAROLINA,VE," 3,041 "," $58,186,400 ", 330 ," $7,541,854 ", 401 ," $23,898,975 ", 11 ," $697,594 ", 184 ," $6,160,544 ", 47 ," $2,722,244 ", 3 ," $59,800 "," 4,017 "," $99,267,411 ",
SOUTH CAROLINA,X," 6,987 "," $135,245,699 ", 421 ," $6,288,157 ", 450 ," $16,092,120 ", 75 ," $4,169,285 ", 681 ," $17,507,566 ", 199 ," $7,720,615 ", -   , $-   ," 8,813 "," $187,023,441 ",
SOUTH DAKOTA,A, 553 ," $9,482,511 ", 7 ," $94,320 ", 9 ," $43,359 ", -   , $-   , 51 ," $647,753 ", 15 ," $637,081 ", -   , $-   , 635 ," $10,905,023 ",
SOUTH DAKOTA,AE, 892 ," $12,782,315 ", 18 ," $691,044 ", 7 ," $69,050 ", 15 ," $467,117 ", 58 ," $1,031,667 ", 31 ," $1,905,475 ", -   , $-   ," 1,021 "," $16,946,668 ",
SOUTH DAKOTA,AO, 7 ," $20,070 ", -   , $-   , -   , $-   , -   , $-   , 1 ," $10,614 ", -   , $-   , -   , $-   , 8 ," $30,684 ",
SOUTH DAKOTA,BLANK, 17 ," $111,809 ", -   , $-   , -   , $-   , -   , $-   , 1 ," $10,737 ", -   , $-   , -   , $-   , 18 ," $122,547 ",
SOUTH DAKOTA,D, 29 ," $497,923 ", -   , $-   , 1 ," $17,400 ", -   , $-   , 5 ," $21,164 ", -   , $-   , -   , $-   , 35 ," $536,487 ",
SOUTH DAKOTA,EMG, 220 ," $780,452 ", 4 ," $8,104 ", 7 ," $84,492 ", -   , $-   , 44 ," $327,675 ", -   , $-   , -   , $-   , 275 ," $1,200,722 ",
SOUTH DAKOTA,VE, 1 , $633 , 1 , $-   , -   , $-   , -   , $-   , -   , $-   , -   , $-   , -   , $-   , 2 , $633 ,
SOUTH DAKOTA,X," 1,834 "," $24,926,182 ", 24 ," $177,433 ", 22 ," $373,902 ", 12 ," $934,737 ", 109 ," $2,507,033 ", 16 ," $2,853,210 ", -   , $-   ," 2,017 "," $31,772,496 ",
TENNESSEE,A," 1,859 "," $26,841,668 ", 51 ," $406,391 ", 30 ," $1,842,633 ", 18 ," $872,263 ", 278 ," $3,828,986 ", 32 ," $855,209 ", -   , $-   ," 2,268 "," $34,647,150 ",
TENNESSEE,AE," 6,902 "," $173,332,718 ", 300 ," $7,567,357 ", 212 ," $13,546,033 ", 93 ," $9,676,078 ", 799 ," $60,549,081 ", 297 ," $27,990,622 ", -   , $-   ," 8,603 "," $292,661,889 ",
TENNESSEE,AH, 1 ," $12,246 ", 4 ," $155,415 ", -   , $-   , -   , $-   , 4 ," $42,683 ", -   , $-   , -   , $-   , 9 ," $210,344 ",
TENNESSEE,AO, -   , $-   , -   , $-   , -   , $-   , 5 ," $59,841 ", 8 ," $152,544 ", 2 ," $41,434 ", -   , $-   , 15 ," $253,820 ",
TENNESSEE,BLANK, 115 ," $748,274 ", 3 ," $1,409 ", 9 ," $280,292 ", -   , $-   , 19 ," $175,228 ", -   , $-   , -   , $-   , 146 ," $1,205,203 ",
TENNESSEE,D, 1 ," $33,408 ", -   , $-   , -   , $-   , -   , $-   , -   , $-   , -   , $-   , -   , $-   , 1 ," $33,408 ",
TENNESSEE,EMG, 763 ," $2,422,930 ", 54 ," $104,689 ", 50 ," $56,698 ", -   , $-   , 181 ," $734,631 ", -   , $-   , 8 ," $19,588 "," 1,056 "," $3,338,536 ",
TENNESSEE,VE, 10 ," $206,296 ", -   , $-   , -   , $-   , -   , $-   , 4 ," $12,647 ", -   , $-   , -   , $-   , 14 ," $218,943 ",
TENNESSEE,X," 4,299 "," $81,292,972 ", 147 ," $2,732,881 ", 118 ," $5,636,026 ", 31 ," $1,839,329 ", 429 ," $15,706,655 ", 156 ," $10,777,117 ", -   , $-   ," 5,180 "," $117,984,981 ",
TEXAS,A," 20,470 "," $525,965,220 ", 363 ," $4,014,371 ", 940 ," $17,465,343 ", 44 ," $1,564,312 "," 1,320 "," $35,620,513 ", 117 ," $7,232,557 ", 10 ," $99,753 "," 23,264 "," $591,962,069 ",
TEXAS,A99," 2,295 "," $7,424,240 ", 33 ," $49,445 ", 98 ," $1,003,560 ", -   , $-   , 372 ," $1,890,508 ", -   , $-   , -   , $-   ," 2,798 "," $10,367,752 ",
TEXAS,AE," 122,661 "," $6,476,376,411 "," 2,808 "," $95,997,562 "," 5,828 "," $502,851,779 ", 895 ," $92,527,110 "," 8,076 "," $412,084,749 "," 2,843 "," $296,601,095 ", 16 ," $295,626 "," 143,127 "," $7,876,734,331 ",
TEXAS,AH," 2,751 "," $149,738,200 ", 177 ," $7,806,004 ", 199 ," $32,260,224 ", 42 ," $4,394,639 ", 191 ," $13,242,315 ", 120 ," $17,319,369 ", -   , $-   ," 3,480 "," $224,760,751 ",
TEXAS,AO," 2,490 "," $71,514,616 ", 26 ," $221,342 ", 45 ," $816,504 ", 23 ," $4,045,126 ", 101 ," $5,410,713 ", 88 ," $6,601,635 ", 5 ," $7,156 "," 2,778 "," $88,617,092 ",
TEXAS,AR, 1 ," $135,536 ", -   , $-   , -   , $-   , -   , $-   , -   , $-   , -   , $-   , -   , $-   , 1 ," $135,536 ",
TEXAS,BLANK," 3,549 "," $60,056,248 ", 6 ," $28,531 ", 60 ," $732,920 ", -   , $-   , 66 ," $636,942 ", -   , $-   , -   , $-   ," 3,681 "," $61,454,640 ",
TEXAS,D, 500 ," $9,474,473 ", 4 ," $62,504 ", 10 ," $19,221 ", -   , $-   , 39 ," $576,556 ", -   , $-   , 4 ," $68,896 ", 557 ," $10,201,649 ",
TEXAS,EMG," 7,435 "," $54,512,100 ", 232 ," $1,558,971 ", 591 ," $4,587,064 ", -   , $-   , 842 ," $7,003,933 ", -   , $-   , 14 ," $50,929 "," 9,114 "," $67,712,996 ",
TEXAS,V, 4 ," $21,674 ", -   , $-   , -   , $-   , -   , $-   , 1 ," $2,100 ", -   , $-   , -   , $-   , 5 ," $23,774 ",
TEXAS,VE," 10,313 "," $253,043,765 ", 86 ," $1,135,774 ", 332 ," $7,579,138 ", 29 ," $1,219,826 ", 577 ," $16,811,337 ", 82 ," $3,769,710 ", 2 ," $8,230 "," 11,421 "," $283,567,780 ",
TEXAS,X," 170,783 "," $7,129,749,057 "," 2,515 "," $44,104,742 "," 5,672 "," $212,920,634 "," 1,083 "," $87,309,580 "," 8,357 "," $287,849,370 "," 2,451 "," $230,870,100 ", 5 ," $62,612 "," 190,866 "," $7,992,866,094 ",
Unknown,A," 2,453 "," $12,404,579 ", 148 ," $528,349 ", 86 ," $278,321 ", -   , $-   , 372 ," $2,773,015 ", -   , $-   , -   , $-   ," 3,059 "," $15,984,264 ",
Unknown,A99, 19 ," $28,661 ", 1 , $-   , -   , $-   , -   , $-   , 10 ," $48,841 ", -   , $-   , -   , $-   , 30 ," $77,502 ",
Unknown,AE," 3,581 "," $18,372,230 ", 321 ," $904,408 ", 197 ," $758,864 ", -   , $-   , 606 ," $5,077,436 ", -   , $-   , 1 , $-   ," 4,706 "," $25,112,938 ",
Unknown,AH, 2 , $542 , -   , $-   , -   , $-   , -   , $-   , -   , $-   , -   , $-   , -   , $-   , 2 , $542 ,
Unknown,AO, 16 ," $65,598 ", 1 , $942 , -   , $-   , -   , $-   , 13 ," $22,377 ", -   , $-   , -   , $-   , 30 ," $88,918 ",
Unknown,BLANK, 296 ," $1,561,552 ", 10 ," $48,042 ", 12 ," $41,828 ", -   , $-   , 32 ," $266,756 ", -   , $-   , 8 ," $73,186 ", 358 ," $1,991,364 ",
Unknown,D, 63 ," $251,586 ", 2 ," $1,786 ", 2 ," $1,236 ", -   , $-   , 9 ," $94,548 ", -   , $-   , -   , $-   , 76 ," $349,156 ",
Unknown,EMG," 3,966 "," $16,217,243 ", 190 ," $672,802 ", 182 ," $655,979 ", -   , $-   , 619 ," $3,992,787 ", -   , $-   , 3 ," $13,229 "," 4,960 "," $21,552,039 ",
Unknown,V, 33 ," $304,117 ", -   , $-   , -   , $-   , -   , $-   , 1 ," $2,237 ", -   , $-   , -   , $-   , 34 ," $306,354 ",
Unknown,VE, 839 ," $3,696,266 ", 41 ," $154,686 ", 32 ," $158,793 ", -   , $-   , 53 ," $899,733 ", -   , $-   , 2 ," $5,409 ", 967 ," $4,914,887 ",
Unknown,X," 1,349 "," $6,577,592 ", 251 ," $703,511 ", 270 ," $803,913 ", -   , $-   , 438 ," $3,657,528 ", -   , $-   , 3 , $306 ," 2,311 "," $11,742,850 ",
UTAH,A, 136 ," $1,067,456 ", 5 ," $6,384 ", 5 ," $42,127 ", -   , $-   , 10 ," $37,178 ", -   , $-   , -   , $-   , 156 ," $1,153,144 ",
UTAH,AE, 45 ," $471,476 ", -   , $-   , 3 ," $115,057 ", -   , $-   , 4 ," $54,999 ", 3 ," $446,697 ", -   , $-   , 55 ," $1,088,229 ",
UTAH,AH, 2 , $-   , -   , $-   , -   , $-   , -   , $-   , -   , $-   , -   , $-   , -   , $-   , 2 , $-   ,
UTAH,AO, 5 ," $2,529 ", -   , $-   , 1 ," $7,911 ", -   , $-   , 1 , $-   , 2 ," $60,123 ", -   , $-   , 9 ," $70,563 ",
UTAH,BLANK, 3 ," $25,081 ", -   , $-   , 8 ," $111,243 ", -   , $-   , -   , $-   , -   , $-   , -   , $-   , 11 ," $136,324 ",
UTAH,D, 2 ," $2,247 ", -   , $-   , -   , $-   , -   , $-   , 1 ," $28,567 ", -   , $-   , -   , $-   , 3 ," $30,814 ",
UTAH,EMG, 326 ," $1,536,179 ", 16 ," $33,148 ", 46 ," $118,117 ", -   , $-   , 59 ," $928,416 ", -   , $-   , -   , $-   , 447 ," $2,615,859 ",
UTAH,X, 474 ," $2,692,414 ", 7 ," $12,334 ", 5 ," $4,511 ", -   , $-   , 14 ," $45,406 ", 5 ," $70,845 ", -   , $-   , 505 ," $2,825,510 ",
VERMONT,A, 274 ," $4,097,891 ", 23 ," $536,535 ", 18 ," $676,414 ", -   , $-   , 64 ," $1,229,449 ", 9 ," $233,892 ", -   , $-   , 388 ," $6,774,181 ",
VERMONT,AE," 1,199 "," $27,868,084 ", 310 ," $9,795,710 ", 92 ," $3,664,411 ", 88 ," $4,325,122 ", 361 ," $20,559,393 ", 275 ," $23,331,398 ", -   , $-   ," 2,325 "," $89,544,118 ",
VERMONT,AO, -   , $-   , -   , $-   , -   , $-   , -   , $-   , -   , $-   , 2 ," $40,820 ", -   , $-   , 2 ," $40,820 ",
VERMONT,BLANK, 10 ," $7,684 ", 3 ," $5,510 ", -   , $-   , -   , $-   , 4 ," $21,397 ", -   , $-   , -   , $-   , 17 ," $34,590 ",
VERMONT,D, 3 ," $8,581 ", -   , $-   , -   , $-   , -   , $-   , 1 , $-   , -   , $-   , -   , $-   , 4 ," $8,581 ",
VERMONT,EMG, 129 ," $204,783 ", 12 ," $10,024 ", 3 ," $1,425 ", -   , $-   , 50 ," $174,878 ", -   , $-   , -   , $-   , 194 ," $391,110 ",
VERMONT,X, 593 ," $12,959,965 ", 59 ," $879,146 ", 20 ," $1,606,242 ", 4 ," $44,920 ", 76 ," $2,744,971 ", 36 ," $1,211,576 ", -   , $-   , 788 ," $19,446,820 ",
VIRGINIA,A," 2,539 "," $43,600,394 ", 123 ," $2,170,105 ", 85 ," $2,668,846 ", 4 ," $141,148 ", 502 ," $11,265,095 ", 16 ," $413,004 ", -   , $-   ," 3,269 "," $60,258,592 ",
VIRGINIA,A99, 3 ," $18,941 ", 3 ," $97,749 ", -   , $-   , -   , $-   , -   , $-   , -   , $-   , -   , $-   , 6 ," $116,690 ",
VIRGINIA,AE," 29,166 "," $414,249,248 "," 1,159 "," $15,226,327 "," 1,142 "," $45,151,784 ", 100 ," $4,196,362 "," 2,205 "," $63,677,420 ", 347 ," $14,525,562 ", 6 ," $10,604 "," 34,125 "," $557,037,307 ",
VIRGINIA,AH, 1 ," $11,147 ", -   , $-   , -   , $-   , -   , $-   , -   , $-   , -   , $-   , -   , $-   , 1 ," $11,147 ",
VIRGINIA,AO, 37 ," $232,004 ", -   , $-   , 3 ," $16,914 ", -   , $-   , 1 ," $1,295 ", -   , $-   , -   , $-   , 41 ," $250,213 ",
VIRGINIA,BLANK, 190 ," $1,714,628 ", 1 , $-   , 24 ," $555,535 ", -   , $-   , 28 ," $557,466 ", -   , $-   , -   , $-   , 243 ," $2,827,630 ",
VIRGINIA,D, 19 ," $49,225 ", 2 , $-   , -   , $-   , -   , $-   , 1 ," $9,377 ", -   , $-   , -   , $-   , 22 ," $58,602 ",
VIRGINIA,EMG," 1,060 "," $3,152,518 ", 66 ," $165,238 ", 46 ," $454,996 ", -   , $-   , 378 ," $3,301,509 ", -   , $-   , 2 ," $2,373 "," 1,552 "," $7,076,634 ",
VIRGINIA,V, 23 ," $176,535 ", -   , $-   , -   , $-   , -   , $-   , -   , $-   , -   , $-   , -   , $-   , 23 ," $176,535 ",
VIRGINIA,VE, 648 ," $12,685,027 ", 30 ," $299,628 ", 12 ," $291,920 ", 1 ," $4,311 ", 69 ," $1,768,498 ", 2 ," $75,551 ", -   , $-   , 762 ," $15,124,934 ",
VIRGINIA,X," 8,909 "," $79,389,166 ", 257 ," $2,057,495 ", 333 ," $11,118,853 ", 39 ," $673,658 ", 731 ," $17,872,440 ", 126 ," $4,834,392 ", -   , $-   ," 10,395 "," $115,946,005 ",
VIRGIN ISLANDS,A, 256 ," $2,986,193 ", 62 ," $580,914 ", 72 ," $3,527,640 ", -   , $-   , 341 ," $13,047,603 ", 23 ," $4,079,067 ", -   , $-   , 754 ," $24,221,418 ",
VIRGIN ISLANDS,AE, 135 ," $1,901,140 ", 31 ," $642,951 ", 78 ," $2,261,449 ", 9 ," $378,989 ", 421 ," $18,646,233 ", 61 ," $4,818,192 ", -   , $-   , 735 ," $28,648,954 ",
VIRGIN ISLANDS,AO, 43 ," $850,834 ", 5 ," $12,419 ", 11 ," $500,771 ", -   , $-   , 158 ," $2,722,128 ", 7 ," $61,686 ", -   , $-   , 224 ," $4,147,837 ",
VIRGIN ISLANDS,BLANK, 15 ," $43,313 ", 1 , $-   , 2 , $-   , -   , $-   , 8 ," $10,384 ", -   , $-   , -   , $-   , 26 ," $53,696 ",
VIRGIN ISLANDS,EMG, 207 ," $436,085 ", 27 ," $20,475 ", 38 ," $30,700 ", -   , $-   , 98 ," $211,639 ", -   , $-   , -   , $-   , 370 ," $698,899 ",
VIRGIN ISLANDS,VE, 5 ," $49,772 ", 6 ," $82,560 ", 7 ," $1,211,115 ", 2 , $-   , 9 ," $273,315 ", 10 ," $255,281 ", -   , $-   , 39 ," $1,872,043 ",
VIRGIN ISLANDS,X, 332 ," $3,433,153 ", 119 ," $1,530,359 ", 166 ," $930,601 ", 2 ," $400,000 ", 726 ," $10,147,044 ", 44 ," $2,187,370 ", -   , $-   ," 1,389 "," $18,628,527 ",
WASHINGTON,A," 1,631 "," $23,031,492 ", 37 ," $577,290 ", 36 ," $1,605,022 ", 4 ," $101,453 ", 121 ," $2,502,281 ", 9 ," $405,005 ", -   , $-   ," 1,838 "," $28,222,544 ",
WASHINGTON,A99, 3 ," $1,442 ", -   , $-   , 1 , $-   , -   , $-   , -   , $-   , -   , $-   , -   , $-   , 4 ," $1,442 ",
WASHINGTON,AE," 7,207 "," $143,255,965 ", 199 ," $6,061,965 ", 205 ," $13,304,518 ", 13 ," $437,819 ", 638 ," $32,918,902 ", 134 ," $8,228,052 ", -   , $-   ," 8,396 "," $204,207,222 ",
WASHINGTON,AH, 45 ," $989,205 ", 4 ," $310,986 ", -   , $-   , -   , $-   , 1 , $-   , 2 ," $1,346,566 ", -   , $-   , 52 ," $2,646,756 ",
WASHINGTON,AO, 200 ," $1,161,248 ", 5 ," $23,149 ", 1 , $-   , -   , $-   , 15 ," $111,376 ", 2 ," $18,045 ", -   , $-   , 223 ," $1,313,817 ",
WASHINGTON,BLANK, 182 ," $1,555,215 ", 4 ," $12,730 ", -   , $-   , -   , $-   , 4 ," $67,476 ", -   , $-   , -   , $-   , 190 ," $1,635,421 ",
WASHINGTON,D, 101 ," $1,882,040 ", -   , $-   , 1 ," $8,617 ", -   , $-   , 3 ," $7,300 ", -   , $-   , -   , $-   , 105 ," $1,897,958 ",
WASHINGTON,EMG, 864 ," $6,621,660 ", 11 ," $37,721 ", 16 ," $42,693 ", -   , $-   , 103 ," $700,574 ", -   , $-   , -   , $-   , 994 ," $7,402,648 ",
WASHINGTON,V, 19 ," $310,711 ", 1 , $-   , 1 ," $4,824 ", -   , $-   , -   , $-   , -   , $-   , -   , $-   , 21 ," $315,536 ",
WASHINGTON,VE, 91 ," $2,853,926 ", 1 ," $3,734 ", 2 , $-   , -   , $-   , 3 ," $303,445 ", 2 ," $417,520 ", -   , $-   , 99 ," $3,578,625 ",
WASHINGTON,X," 3,034 "," $50,427,497 ", 86 ," $1,478,765 ", 115 ," $3,404,010 ", 8 ," $347,112 ", 171 ," $7,738,370 ", 35 ," $1,488,937 ", -   , $-   ," 3,449 "," $64,884,692 ",
WEST VIRGINIA,A," 5,697 "," $56,517,727 ", 165 ," $1,668,083 ", 74 ," $1,072,472 ", 2 ," $65,909 "," 1,307 "," $31,667,335 ", 81 ," $5,617,849 ", 2 ," $3,950 "," 7,328 "," $96,613,325 ",
WEST VIRGINIA,AE," 8,330 "," $98,537,656 ", 479 ," $5,228,697 ", 141 ," $3,830,064 ", 20 ," $1,292,096 "," 1,519 "," $45,316,197 ", 333 ," $23,027,250 ", 3 ," $31,649 "," 10,825 "," $177,263,609 ",
WEST VIRGINIA,AO, -   , $-   , -   , $-   , -   , $-   , -   , $-   , 1 , $-   , 1 , $-   , -   , $-   , 2 , $-   ,
WEST VIRGINIA,BLANK, 834 ," $5,762,166 ", 13 ," $116,259 ", 3 ," $27,193 ", -   , $-   , 69 ," $1,308,684 ", -   , $-   , -   , $-   , 919 ," $7,214,301 ",
WEST VIRGINIA,D, 104 ," $307,873 ", 7 ," $19,054 ", -   , $-   , -   , $-   , 31 ," $197,992 ", -   , $-   , -   , $-   , 142 ," $524,920 ",
WEST VIRGINIA,EMG," 3,011 "," $14,858,464 ", 65 ," $215,279 ", 47 ," $260,392 ", -   , $-   , 616 ," $5,435,226 ", -   , $-   , 1 ," $35,000 "," 3,740 "," $20,804,362 ",
WEST VIRGINIA,VE, 1 ," $1,000 ", -   , $-   , -   , $-   , -   , $-   , -   , $-   , -   , $-   , -   , $-   , 1 ," $1,000 ",
WEST VIRGINIA,X," 3,707 "," $45,210,061 ", 107 ," $944,869 ", 49 ," $978,978 ", 6 ," $193,471 ", 560 ," $13,420,186 ", 68 ," $4,134,710 ", -   , $-   ," 4,497 "," $64,882,276 ",
WISCONSIN,A, 688 ," $6,478,380 ", 38 ," $127,152 ", 6 ," $226,585 ", 9 ," $690,422 ", 49 ," $221,340 ", 6 ," $405,498 ", -   , $-   , 796 ," $8,149,377 ",
WISCONSIN,AE," 4,137 "," $48,645,308 ", 314 ," $2,771,680 ", 89 ," $3,002,636 ", 33 ," $1,593,578 ", 408 ," $13,680,751 ", 98 ," $6,838,502 ", -   , $-   ," 5,079 "," $76,532,454 ",
WISCONSIN,AH, 49 ," $368,298 ", 5 ," $27,604 ", -   , $-   , -   , $-   , -   , $-   , -   , $-   , -   , $-   , 54 ," $395,902 ",
WISCONSIN,AO, 10 ," $54,441 ", 2 ," $13,288 ", -   , $-   , -   , $-   , -   , $-   , -   , $-   , -   , $-   , 12 ," $67,729 ",
WISCONSIN,BLANK, 162 ," $682,257 ", -   , $-   , -   , $-   , -   , $-   , 3 ," $8,161 ", -   , $-   , -   , $-   , 165 ," $690,418 ",
WISCONSIN,D, 1 ," $4,532 ", -   , $-   , -   , $-   , -   , $-   , -   , $-   , -   , $-   , -   , $-   , 1 ," $4,532 ",
WISCONSIN,EMG, 315 ," $569,728 ", 12 ," $27,543 ", 1 ," $9,722 ", -   , $-   , 43 ," $97,405 ", -   , $-   , -   , $-   , 371 ," $704,398 ",
WISCONSIN,VE, 2 ," $38,880 ", -   , $-   , 1 , $-   , -   , $-   , -   , $-   , -   , $-   , -   , $-   , 3 ," $38,880 ",
WISCONSIN,X," 1,974 "," $19,857,627 ", 137 ," $1,369,140 ", 101 ," $1,777,755 ", 29 ," $2,278,125 ", 135 ," $3,947,961 ", 34 ," $3,412,373 ", -   , $-   ," 2,410 "," $32,642,982 ",
WYOMING,A, 89 ," $646,779 ", 13 ," $65,871 ", -   , $-   , -   , $-   , 2 ," $1,428 ", 3 ," $91,260 ", -   , $-   , 107 ," $805,339 ",
WYOMING,AE, 89 ," $503,462 ", 2 , $-   , 1 , $-   , -   , $-   , 8 ," $102,203 ", 3 ," $939,262 ", -   , $-   , 103 ," $1,544,927 ",
WYOMING,AO, 4 , $-   , -   , $-   , -   , $-   , -   , $-   , 1 , $-   , -   , $-   , -   , $-   , 5 , $-   ,
WYOMING,BLANK, 1 ," $3,665 ", -   , $-   , -   , $-   , -   , $-   , -   , $-   , -   , $-   , -   , $-   , 1 ," $3,665 ",
WYOMING,D, 3 ," $1,824 ", -   , $-   , 1 ," $5,086 ", -   , $-   , 1 , $-   , -   , $-   , -   , $-   , 5 ," $6,910 ",
WYOMING,EMG, 58 ," $130,805 ", 5 ," $13,110 ", 2 ," $2,583 ", -   , $-   , 7 ," $45,163 ", -   , $-   , -   , $-   , 72 ," $191,661 ",
WYOMING,X, 216 ," $939,600 ", 15 ," $36,949 ", 1 ," $30,932 ", -   , $-   , 33 ," $162,970 ", 2 ," $5,861 ", -   , $-   , 267 ," $1,176,312 ",