Coverage Type,State,Rated Flood Zones,Policies in Force,Premium + FPF,Total Annual Payment,Building Coverage,Contents Coverage,Total Coverage,Total Policies in Force,Percentage of State Total
 Building & Contents , ALABAMA , All A Zones ,13907.0," $15,735,499 "," $19,634,586 "," $3,151,565,000 "," $919,045,000 "," $4,070,610,000 ",47475.0,29.293312269615583
 Building & Contents , ALABAMA , All V Zones ,4504.0," $3,652,791 "," $4,661,621 "," $1,087,999,000 "," $135,351,000 "," $1,223,350,000 ",47475.0,9.487098472880463
 Building & Contents , ALABAMA , Unknown or Invalid ,38.0," $32,569 "," $40,410 "," $8,479,000 "," $3,274,000 "," $11,753,000 ",47475.0,0.08004212743549236
 Building & Contents , ALABAMA , X Zone ,9663.0," $7,832,439 "," $9,797,884 "," $2,340,483,000 "," $857,611,000 "," $3,198,094,000 ",47475.0,20.353870458135862
 Building Only , ALABAMA , All A Zones ,13790.0," $9,966,977 "," $12,627,957 "," $2,732,092,800 ", $-   ," $2,732,092,800 ",47475.0,29.046866771985258
 Building Only , ALABAMA , All V Zones ,2795.0," $965,180 "," $1,207,318 "," $622,472,000 ", $-   ," $622,472,000 ",47475.0,5.887309110057926
 Building Only , ALABAMA , X Zone ,2153.0," $1,040,553 "," $1,336,759 "," $459,302,000 ", $-   ," $459,302,000 ",47475.0,4.535018430753028
 Contents Only , ALABAMA , All A Zones ,223.0," $221,710 "," $308,965 ", $-   ," $40,956,000 "," $40,956,000 ",47475.0,0.4697209057398631
 Contents Only , ALABAMA , All V Zones ,143.0," $43,644 "," $84,446 ", $-   ," $8,386,000 "," $8,386,000 ",47475.0,0.3012111637704055
 Contents Only , ALABAMA , X Zone ,259.0," $173,988 "," $253,692 ", $-   ," $56,993,000 "," $56,993,000 ",47475.0,0.5455502896261191
 Building & Contents , ALASKA , All A Zones ,803.0," $364,258 "," $502,931 "," $204,904,000 "," $66,438,000 "," $271,342,000 ",2816.0,28.515625
 Building & Contents , ALASKA , All V Zones ,32.0," $31,338 "," $40,882 "," $9,341,000 "," $3,150,000 "," $12,491,000 ",2816.0,1.1363636363636365
 Building & Contents , ALASKA , D Zone ,16.0," $8,125 "," $11,200 "," $3,672,000 "," $1,319,000 "," $4,991,000 ",2816.0,0.5681818181818182
 Building & Contents , ALASKA , Unknown or Invalid ,32.0," $20,179 "," $28,841 "," $7,937,000 "," $3,157,000 "," $11,094,000 ",2816.0,1.1363636363636365
 Building & Contents , ALASKA , X Zone ,1041.0," $379,916 "," $502,718 "," $264,089,000 "," $102,781,000 "," $366,870,000 ",2816.0,36.96732954545455
 Building Only , ALASKA , All A Zones ,731.0," $330,003 "," $460,345 "," $176,924,400 ", $-   ," $176,924,400 ",2816.0,25.958806818181817
 Building Only , ALASKA , All V Zones ,49.0," $39,388 "," $48,757 "," $12,532,000 ", $-   ," $12,532,000 ",2816.0,1.7400568181818181
 Building Only , ALASKA , D Zone ,5.0," $1,267 "," $2,028 "," $536,000 ", $-   ," $536,000 ",2816.0,0.17755681818181818
 Building Only , ALASKA , Unknown or Invalid ,4.0," $4,920 "," $5,649 "," $837,200 ", $-   ," $837,200 ",2816.0,0.14204545454545456
 Building Only , ALASKA , X Zone ,87.0," $31,404 "," $46,723 "," $21,830,000 ", $-   ," $21,830,000 ",2816.0,3.0894886363636362
 Contents Only , ALASKA , All A Zones ,6.0," $2,703 "," $4,638 ", $-   ," $1,526,000 "," $1,526,000 ",2816.0,0.2130681818181818
 Contents Only , ALASKA , All V Zones ,1.0, $299 , $369 , $-   ," $100,000 "," $100,000 ",2816.0,0.03551136363636364
 Contents Only , ALASKA , D Zone ,2.0, $609 , $977 , $-   ," $504,000 "," $504,000 ",2816.0,0.07102272727272728
 Contents Only , ALASKA , X Zone ,7.0," $1,814 "," $2,930 ", $-   ," $733,000 "," $733,000 ",2816.0,0.24857954545454544
 Building & Contents , ARIZONA , All A Zones ,5980.0," $5,847,035 "," $7,351,309 "," $1,439,704,000 "," $480,272,000 "," $1,919,976,000 ",23130.0,25.853869433635975
 Building & Contents , ARIZONA , D Zone ,64.0," $64,239 "," $82,258 "," $16,157,000 "," $7,706,000 "," $23,863,000 ",23130.0,0.27669693039342846
 Building & Contents , ARIZONA , Unknown or Invalid ,5.0," $4,821 "," $6,446 "," $1,525,000 "," $322,000 "," $1,847,000 ",23130.0,0.021616947686986597
 Building & Contents , ARIZONA , X Zone ,5973.0," $4,609,520 "," $5,790,415 "," $1,433,477,000 "," $565,996,000 "," $1,999,473,000 ",23130.0,25.823605706874194
 Building Only , ARIZONA , All A Zones ,9884.0," $6,843,464 "," $8,845,485 "," $2,137,523,000 ", $-   ," $2,137,523,000 ",23130.0,42.7323821876351
 Building Only , ARIZONA , D Zone ,24.0," $33,548 "," $44,036 "," $8,112,000 ", $-   ," $8,112,000 ",23130.0,0.10376134889753567
 Building Only , ARIZONA , Unknown or Invalid ,5.0," $2,275 "," $3,892 "," $1,700,000 ", $-   ," $1,700,000 ",23130.0,0.021616947686986597
 Building Only , ARIZONA , X Zone ,935.0," $577,786 "," $769,763 "," $182,542,000 ", $-   ," $182,542,000 ",23130.0,4.042369217466494
 Contents Only , ARIZONA , All A Zones ,126.0," $74,990 "," $113,520 ", $-   ," $27,216,000 "," $27,216,000 ",23130.0,0.5447470817120622
 Contents Only , ARIZONA , D Zone ,1.0," $1,026 "," $1,452 ", $-   ," $500,000 "," $500,000 ",23130.0,0.00432338953739732
 Contents Only , ARIZONA , Unknown or Invalid ,1.0, $588 , $935 , $-   ," $39,000 "," $39,000 ",23130.0,0.00432338953739732
 Contents Only , ARIZONA , X Zone ,132.0," $79,208 "," $116,124 ", $-   ," $27,540,000 "," $27,540,000 ",23130.0,0.5706874189364461
 Building & Contents , ARKANSAS , All A Zones ,2892.0," $3,702,000 "," $4,635,168 "," $593,296,000 "," $218,558,000 "," $811,854,000 ",11583.0,24.967624967624968
 Building & Contents , ARKANSAS , D Zone ,1.0," $1,005 "," $1,202 "," $250,000 "," $100,000 "," $350,000 ",11583.0,0.0086333419666753
 Building & Contents , ARKANSAS , Emergency Program ,10.0," $8,668 "," $11,743 "," $332,000 "," $89,000 "," $421,000 ",11583.0,0.08633341966675301
 Building & Contents , ARKANSAS , Unknown or Invalid ,44.0," $39,819 "," $52,889 "," $7,282,000 "," $3,125,000 "," $10,407,000 ",11583.0,0.3798670465337132
 Building & Contents , ARKANSAS , X Zone ,2272.0," $1,841,690 "," $2,325,935 "," $508,155,000 "," $210,032,000 "," $718,187,000 ",11583.0,19.614952948286284
 Building Only , ARKANSAS , All A Zones ,5796.0," $4,984,611 "," $6,556,608 "," $939,027,200 ", $-   ," $939,027,200 ",11583.0,50.038850038850036
 Building Only , ARKANSAS , Emergency Program ,2.0, $895 ," $1,314 "," $56,000 ", $-   ," $56,000 ",11583.0,0.0172666839333506
 Building Only , ARKANSAS , Unknown or Invalid ,10.0," $5,640 "," $8,619 "," $1,160,000 ", $-   ," $1,160,000 ",11583.0,0.08633341966675301
 Building Only , ARKANSAS , X Zone ,474.0," $329,244 "," $465,432 "," $76,341,000 ", $-   ," $76,341,000 ",11583.0,4.092204092204092
 Contents Only , ARKANSAS , All A Zones ,33.0," $42,928 "," $57,950 ", $-   ," $7,421,000 "," $7,421,000 ",11583.0,0.2849002849002849
 Contents Only , ARKANSAS , X Zone ,49.0," $34,284 "," $48,691 ", $-   ," $8,580,000 "," $8,580,000 ",11583.0,0.42303375636708973
 Building & Contents , CALIFORNIA , All A Zones ,57055.0," $56,097,417 "," $70,388,804 "," $14,606,308,000 "," $5,092,303,000 "," $19,698,611,000 ",184729.0,30.885784040405134
 Building & Contents , CALIFORNIA , All V Zones ,1354.0," $2,345,837 "," $2,963,958 "," $338,543,000 "," $120,388,000 "," $458,931,000 ",184729.0,0.7329655874280704
 Building & Contents , CALIFORNIA , D Zone ,520.0," $661,417 "," $830,263 "," $125,704,000 "," $49,180,000 "," $174,884,000 ",184729.0,0.2814934309177227
 Building & Contents , CALIFORNIA , Unknown or Invalid ,721.0," $438,549 "," $570,347 "," $178,227,000 "," $71,017,000 "," $249,244,000 ",184729.0,0.3903014686378425
 Building & Contents , CALIFORNIA , X Zone ,55327.0," $41,910,733 "," $52,917,873 "," $13,690,515,000 "," $5,361,474,000 "," $19,051,989,000 ",184729.0,29.9503597161247
 Building Only , CALIFORNIA , All A Zones ,60991.0," $60,130,419 "," $76,222,374 "," $14,455,016,400 ", $-   ," $14,455,016,400 ",184729.0,33.0164727790439
 Building Only , CALIFORNIA , All V Zones ,1228.0," $1,086,799 "," $1,343,050 "," $296,234,000 ", $-   ," $296,234,000 ",184729.0,0.6647575637826221
 Building Only , CALIFORNIA , D Zone ,171.0," $187,811 "," $244,000 "," $44,455,000 ", $-   ," $44,455,000 ",184729.0,0.09256803209025113
 Building Only , CALIFORNIA , Emergency Program ,1.0, $250 , $312 ," $1,000 ", $-   ," $1,000 ",184729.0,0.0005413335209956206
 Building Only , CALIFORNIA , Unknown or Invalid ,36.0," $35,579 "," $47,533 "," $10,865,400 ", $-   ," $10,865,400 ",184729.0,0.019488006755842342
 Building Only , CALIFORNIA , X Zone ,5334.0," $3,866,226 "," $5,138,554 "," $1,321,136,000 ", $-   ," $1,321,136,000 ",184729.0,2.8874730009906404
 Contents Only , CALIFORNIA , All A Zones ,864.0," $876,535 "," $1,196,431 ", $-   ," $172,236,000 "," $172,236,000 ",184729.0,0.46771216214021616
 Contents Only , CALIFORNIA , All V Zones ,20.0," $23,506 "," $30,992 ", $-   ," $2,370,000 "," $2,370,000 ",184729.0,0.010826670419912412
 Contents Only , CALIFORNIA , D Zone ,26.0," $24,661 "," $33,581 ", $-   ," $8,231,000 "," $8,231,000 ",184729.0,0.014074671545886137
 Contents Only , CALIFORNIA , Unknown or Invalid ,15.0," $6,146 "," $9,975 ", $-   ," $3,341,000 "," $3,341,000 ",184729.0,0.008120002814934309
 Contents Only , CALIFORNIA , X Zone ,1066.0," $639,450 "," $885,168 ", $-   ," $184,524,000 "," $184,524,000 ",184729.0,0.5770615333813315
 Building & Contents , COLORADO , All A Zones ,3816.0," $4,779,780 "," $5,977,515 "," $957,241,000 "," $308,648,000 "," $1,265,889,000 ",17034.0,22.40225431489961
 Building & Contents , COLORADO , D Zone ,29.0," $56,904 "," $72,127 "," $8,120,000 "," $3,629,000 "," $11,749,000 ",17034.0,0.17024773981448865
 Building & Contents , COLORADO , Emergency Program ,4.0," $2,025 "," $2,681 "," $205,000 "," $130,000 "," $335,000 ",17034.0,0.023482446870963954
 Building & Contents , COLORADO , Unknown or Invalid ,87.0," $89,298 "," $112,885 "," $21,804,000 "," $8,418,000 "," $30,222,000 ",17034.0,0.510743219443466
 Building & Contents , COLORADO , X Zone ,6772.0," $4,501,484 "," $5,739,681 "," $1,529,087,000 "," $593,155,000 "," $2,122,242,000 ",17034.0,39.75578255254197
 Building Only , COLORADO , All A Zones ,5008.0," $4,375,363 "," $5,565,801 "," $1,127,655,000 ", $-   ," $1,127,655,000 ",17034.0,29.40002348244687
 Building Only , COLORADO , D Zone ,12.0," $20,322 "," $25,455 "," $2,820,000 ", $-   ," $2,820,000 ",17034.0,0.07044734061289186
 Building Only , COLORADO , Emergency Program ,1.0, $294 , $588 ," $35,000 ", $-   ," $35,000 ",17034.0,0.005870611717740989
 Building Only , COLORADO , Unknown or Invalid ,3.0," $2,546 "," $3,504 "," $264,000 ", $-   ," $264,000 ",17034.0,0.017611835153222965
 Building Only , COLORADO , X Zone ,1052.0," $643,580 "," $834,312 "," $221,965,000 ", $-   ," $221,965,000 ",17034.0,6.17588352706352
 Contents Only , COLORADO , All A Zones ,111.0," $109,711 "," $153,345 ", $-   ," $23,750,000 "," $23,750,000 ",17034.0,0.6516379006692498
 Contents Only , COLORADO , X Zone ,139.0," $108,515 "," $150,143 ", $-   ," $26,027,000 "," $26,027,000 ",17034.0,0.8160150287659974
 Building & Contents , CONNECTICUT , All A Zones ,7912.0," $15,267,701 "," $18,600,456 "," $1,952,149,000 "," $673,942,000 "," $2,626,091,000 ",31842.0,24.847685446894037
 Building & Contents , CONNECTICUT , All V Zones ,1113.0," $3,017,226 "," $3,683,185 "," $272,395,000 "," $83,943,000 "," $356,338,000 ",31842.0,3.4953834558130774
 Building & Contents , CONNECTICUT , Unknown or Invalid ,136.0," $125,008 "," $158,300 "," $30,075,000 "," $11,132,000 "," $41,207,000 ",31842.0,0.42710884994661136
 Building & Contents , CONNECTICUT , X Zone ,5096.0," $4,670,478 "," $5,838,669 "," $1,244,201,000 "," $501,970,000 "," $1,746,171,000 ",31842.0,16.004019847999498
 Building Only , CONNECTICUT , All A Zones ,14303.0," $17,400,607 "," $21,292,731 "," $3,176,246,000 ", $-   ," $3,176,246,000 ",31842.0,44.91866088813517
 Building Only , CONNECTICUT , All V Zones ,1140.0," $2,193,679 "," $2,685,262 "," $268,598,000 ", $-   ," $268,598,000 ",31842.0,3.5801771245524776
 Building Only , CONNECTICUT , Unknown or Invalid ,16.0," $28,005 "," $35,335 "," $3,568,000 ", $-   ," $3,568,000 ",31842.0,0.05024809999371898
 Building Only , CONNECTICUT , X Zone ,1677.0," $1,100,523 "," $1,374,582 "," $360,836,000 ", $-   ," $360,836,000 ",31842.0,5.266628980591672
 Contents Only , CONNECTICUT , All A Zones ,288.0," $368,099 "," $479,849 ", $-   ," $57,630,000 "," $57,630,000 ",31842.0,0.9044657998869418
 Contents Only , CONNECTICUT , All V Zones ,16.0," $11,580 "," $15,281 ", $-   ," $1,525,000 "," $1,525,000 ",31842.0,0.05024809999371898
 Contents Only , CONNECTICUT , Unknown or Invalid ,4.0, $816 ," $1,255 ", $-   ," $252,000 "," $252,000 ",31842.0,0.012562024998429745
 Contents Only , CONNECTICUT , X Zone ,141.0," $120,258 "," $159,537 ", $-   ," $24,547,000 "," $24,547,000 ",31842.0,0.4428113811946486
 Building & Contents , DELAWARE , All A Zones ,8965.0," $9,149,111 "," $11,965,799 "," $2,139,490,000 "," $631,776,000 "," $2,771,266,000 ",25915.0,34.59386455720625
 Building & Contents , DELAWARE , All V Zones ,836.0," $631,900 "," $837,415 "," $196,562,000 "," $39,980,000 "," $236,542,000 ",25915.0,3.225930928033957
 Building & Contents , DELAWARE , Unknown or Invalid ,29.0," $25,694 "," $34,624 "," $7,472,000 "," $2,616,000 "," $10,088,000 ",25915.0,0.11190430252749373
 Building & Contents , DELAWARE , X Zone ,5616.0," $3,428,666 "," $4,510,072 "," $1,352,724,000 "," $534,811,000 "," $1,887,535,000 ",25915.0,21.67084699980706
 Building Only , DELAWARE , All A Zones ,7606.0," $5,307,794 "," $6,898,910 "," $1,766,531,000 ", $-   ," $1,766,531,000 ",25915.0,29.349797414624735
 Building Only , DELAWARE , All V Zones ,1217.0," $350,897 "," $452,858 "," $289,409,000 ", $-   ," $289,409,000 ",25915.0,4.696121937102064
 Building Only , DELAWARE , Unknown or Invalid ,1.0, $294 , $588 ," $250,000 ", $-   ," $250,000 ",25915.0,0.003858769052672197
 Building Only , DELAWARE , X Zone ,1318.0," $461,393 "," $605,867 "," $304,832,000 ", $-   ," $304,832,000 ",25915.0,5.0858576114219565
 Contents Only , DELAWARE , All A Zones ,216.0," $117,262 "," $179,297 ", $-   ," $20,474,000 "," $20,474,000 ",25915.0,0.8334941153771946
 Contents Only , DELAWARE , All V Zones ,17.0," $6,259 "," $11,266 ", $-   ," $1,476,000 "," $1,476,000 ",25915.0,0.06559907389542736
 Contents Only , DELAWARE , X Zone ,94.0," $33,368 "," $55,785 ", $-   ," $10,404,000 "," $10,404,000 ",25915.0,0.3627242909511866
 Building & Contents , DISTRICT OF COLUMBIA , All A Zones ,551.0," $349,784 "," $436,290 "," $143,673,000 "," $25,144,000 "," $168,817,000 ",2384.0,23.11241610738255
 Building & Contents , DISTRICT OF COLUMBIA , Unknown or Invalid ,6.0," $1,872 "," $2,534 "," $1,500,000 "," $600,000 "," $2,100,000 ",2384.0,0.25167785234899326
 Building & Contents , DISTRICT OF COLUMBIA , X Zone ,1410.0," $450,462 "," $593,819 "," $268,774,000 "," $102,746,000 "," $371,520,000 ",2384.0,59.144295302013425
 Building Only , DISTRICT OF COLUMBIA , All A Zones ,147.0," $147,408 "," $192,595 "," $40,803,000 ", $-   ," $40,803,000 ",2384.0,6.166107382550336
 Building Only , DISTRICT OF COLUMBIA , X Zone ,235.0," $182,582 "," $233,204 "," $35,861,000 ", $-   ," $35,861,000 ",2384.0,9.85738255033557
 Contents Only , DISTRICT OF COLUMBIA , All A Zones ,14.0," $33,759 "," $42,319 ", $-   ," $4,399,000 "," $4,399,000 ",2384.0,0.587248322147651
 Contents Only , DISTRICT OF COLUMBIA , X Zone ,21.0," $6,321 "," $9,157 ", $-   ," $3,000,000 "," $3,000,000 ",2384.0,0.8808724832214765
 Building & Contents , FLORIDA , All A Zones ,654695.0," $672,337,616 "," $821,366,506 "," $152,655,105,000 "," $34,549,909,000 "," $187,205,014,000 ",1770988.0,36.96778295505108
 Building & Contents , FLORIDA , All V Zones ,67483.0," $42,725,184 "," $51,996,705 "," $15,821,826,000 "," $962,591,000 "," $16,784,417,000 ",1770988.0,3.8104718947841545
 Building & Contents , FLORIDA , D Zone ,28.0," $27,198 "," $33,458 "," $5,418,000 "," $2,395,000 "," $7,813,000 ",1770988.0,0.001581038380836008
 Building & Contents , FLORIDA , Unknown or Invalid ,3668.0," $1,636,344 "," $2,039,589 "," $855,061,000 "," $199,120,000 "," $1,054,181,000 ",1770988.0,0.20711602788951702
 Building & Contents , FLORIDA , X Zone ,431154.0," $275,107,413 "," $343,799,326 "," $101,721,312,000 "," $35,288,132,000 "," $137,009,444,000 ",1770988.0,24.345393644677436
 Building Only , FLORIDA , All A Zones ,460674.0," $403,745,486 "," $495,160,216 "," $97,238,967,200 ", $-   ," $97,238,967,200 ",1770988.0,26.012259823330254
 Building Only , FLORIDA , All V Zones ,27682.0," $22,333,506 "," $27,030,820 "," $6,258,522,200 ", $-   ," $6,258,522,200 ",1770988.0,1.5630823020822278
 Building Only , FLORIDA , D Zone ,6.0," $4,565 "," $5,936 "," $990,000 ", $-   ," $990,000 ",1770988.0,0.00033879393875057315
 Building Only , FLORIDA , Unknown or Invalid ,1298.0," $250,116 "," $310,855 "," $291,283,800 ", $-   ," $291,283,800 ",1770988.0,0.07329242208304065
 Building Only , FLORIDA , X Zone ,97475.0," $41,255,440 "," $52,695,765 "," $20,827,858,000 ", $-   ," $20,827,858,000 ",1770988.0,5.503989863285352
 Contents Only , FLORIDA , All A Zones ,15580.0," $11,225,416 "," $15,344,071 ", $-   ," $1,733,512,000 "," $1,733,512,000 ",1770988.0,0.8797349276223215
 Contents Only , FLORIDA , All V Zones ,1682.0," $931,657 "," $1,383,471 ", $-   ," $119,676,000 "," $119,676,000 ",1770988.0,0.09497523416307734
 Contents Only , FLORIDA , D Zone ,5.0," $2,331 "," $3,057 ", $-   ," $328,000 "," $328,000 ",1770988.0,0.00028232828229214423
 Contents Only , FLORIDA , Unknown or Invalid ,53.0," $24,266 "," $36,712 ", $-   ," $8,524,000 "," $8,524,000 ",1770988.0,0.0029926797922967294
 Contents Only , FLORIDA , X Zone ,9505.0," $4,567,599 "," $6,691,793 ", $-   ," $1,483,954,000 "," $1,483,954,000 ",1770988.0,0.5367060646373663
 Building & Contents , GEORGIA , All A Zones ,22283.0," $23,780,917 "," $29,444,521 "," $5,184,488,000 "," $1,739,115,000 "," $6,923,603,000 ",73245.0,30.42255444057615
 Building & Contents , GEORGIA , All V Zones ,88.0," $169,026 "," $205,858 "," $20,969,000 "," $7,541,000 "," $28,510,000 ",73245.0,0.12014471977609394
 Building & Contents , GEORGIA , D Zone ,3.0," $2,422 "," $3,133 "," $750,000 "," $250,000 "," $1,000,000 ",73245.0,0.0040958427196395655
 Building & Contents , GEORGIA , Unknown or Invalid ,99.0," $71,685 "," $88,027 "," $22,678,000 "," $8,901,000 "," $31,579,000 ",73245.0,0.13516280974810568
 Building & Contents , GEORGIA , X Zone ,29646.0," $20,139,610 "," $25,299,414 "," $7,096,524,000 "," $2,793,019,000 "," $9,889,543,000 ",73245.0,40.47511775547819
 Building Only , GEORGIA , All A Zones ,15880.0," $12,116,829 "," $15,534,601 "," $3,273,565,800 ", $-   ," $3,273,565,800 ",73245.0,21.68066079595877
 Building Only , GEORGIA , All V Zones ,164.0," $118,020 "," $146,566 "," $41,374,000 ", $-   ," $41,374,000 ",73245.0,0.2239060686736296
 Building Only , GEORGIA , D Zone ,1.0," $1,162 "," $1,613 "," $150,000 ", $-   ," $150,000 ",73245.0,0.001365280906546522
 Building Only , GEORGIA , Unknown or Invalid ,11.0," $6,461 "," $9,380 "," $2,226,000 ", $-   ," $2,226,000 ",73245.0,0.015018089972011742
 Building Only , GEORGIA , X Zone ,4368.0," $1,701,064 "," $2,309,818 "," $828,534,000 ", $-   ," $828,534,000 ",73245.0,5.9635469997952075
 Contents Only , GEORGIA , All A Zones ,260.0," $215,350 "," $293,748 ", $-   ," $41,203,000 "," $41,203,000 ",73245.0,0.3549730357020957
 Contents Only , GEORGIA , All V Zones ,8.0," $5,209 "," $8,080 ", $-   ," $1,429,000 "," $1,429,000 ",73245.0,0.010922247252372176
 Contents Only , GEORGIA , Unknown or Invalid ,1.0, $134 , $175 , $-   ," $42,000 "," $42,000 ",73245.0,0.001365280906546522
 Contents Only , GEORGIA , X Zone ,433.0," $207,561 "," $300,920 ", $-   ," $71,426,000 "," $71,426,000 ",73245.0,0.5911666325346441
 Building & Contents , GUAM , All A Zones ,25.0," $48,049 "," $59,587 "," $5,793,000 "," $944,000 "," $6,737,000 ",170.0,14.705882352941178
 Building & Contents , GUAM , All V Zones ,5.0," $14,294 "," $17,399 "," $1,019,000 "," $68,000 "," $1,087,000 ",170.0,2.941176470588235
 Building & Contents , GUAM , X Zone ,12.0," $8,732 "," $11,176 "," $2,546,000 "," $990,000 "," $3,536,000 ",170.0,7.0588235294117645
 Building Only , GUAM , All A Zones ,87.0," $140,577 "," $172,057 "," $17,119,400 ", $-   ," $17,119,400 ",170.0,51.17647058823529
 Building Only , GUAM , All V Zones ,32.0," $71,665 "," $88,466 "," $6,050,000 ", $-   ," $6,050,000 ",170.0,18.823529411764707
 Building Only , GUAM , X Zone ,4.0," $5,631 "," $7,161 "," $820,000 ", $-   ," $820,000 ",170.0,2.3529411764705883
 Contents Only , GUAM , All A Zones ,3.0," $3,536 "," $4,897 ", $-   ," $216,000 "," $216,000 ",170.0,1.7647058823529411
 Contents Only , GUAM , All V Zones ,1.0," $1,777 "," $2,338 ", $-   ," $100,000 "," $100,000 ",170.0,0.5882352941176471
 Contents Only , GUAM , X Zone ,1.0, $379 , $689 , $-   ," $100,000 "," $100,000 ",170.0,0.5882352941176471
 Building & Contents , HAWAII , All A Zones ,28574.0," $14,975,721 "," $17,928,673 "," $6,966,740,000 "," $276,607,000 "," $7,243,347,000 ",60615.0,47.14014682834282
 Building & Contents , HAWAII , All V Zones ,3016.0," $3,571,355 "," $4,281,666 "," $686,963,000 "," $41,634,000 "," $728,597,000 ",60615.0,4.975666089251836
 Building & Contents , HAWAII , D Zone ,255.0," $535,252 "," $648,188 "," $58,344,000 "," $20,982,000 "," $79,326,000 ",60615.0,0.4206879485275922
 Building & Contents , HAWAII , Unknown or Invalid ,1.0, $725 , $872 ," $220,000 "," $84,000 "," $304,000 ",60615.0,0.0016497566608925183
 Building & Contents , HAWAII , X Zone ,5928.0," $4,963,852 "," $6,265,325 "," $1,465,225,000 "," $424,157,000 "," $1,889,382,000 ",60615.0,9.77975748577085
 Building Only , HAWAII , All A Zones ,13731.0," $11,949,643 "," $14,562,726 "," $3,363,615,000 ", $-   ," $3,363,615,000 ",60615.0,22.65280871071517
 Building Only , HAWAII , All V Zones ,3004.0," $4,109,581 "," $4,940,652 "," $664,004,000 ", $-   ," $664,004,000 ",60615.0,4.955869009321125
 Building Only , HAWAII , D Zone ,140.0," $517,495 "," $632,089 "," $40,929,000 ", $-   ," $40,929,000 ",60615.0,0.23096593252495257
 Building Only , HAWAII , Unknown or Invalid ,1.0, $528 , $640 ," $250,000 ", $-   ," $250,000 ",60615.0,0.0016497566608925183
 Building Only , HAWAII , X Zone ,5328.0," $2,860,326 "," $3,462,463 "," $1,197,708,000 ", $-   ," $1,197,708,000 ",60615.0,8.789903489235337
 Contents Only , HAWAII , All A Zones ,232.0," $370,530 "," $482,908 ", $-   ," $33,690,000 "," $33,690,000 ",60615.0,0.3827435453270642
 Contents Only , HAWAII , All V Zones ,103.0," $113,995 "," $156,247 ", $-   ," $8,309,000 "," $8,309,000 ",60615.0,0.1699249360719294
 Contents Only , HAWAII , D Zone ,31.0," $40,207 "," $51,332 ", $-   ," $4,610,000 "," $4,610,000 ",60615.0,0.05114245648766807
 Contents Only , HAWAII , X Zone ,271.0," $188,999 "," $270,715 ", $-   ," $37,937,000 "," $37,937,000 ",60615.0,0.4470840551018725
 Building & Contents , IDAHO , All A Zones ,1805.0," $1,755,987 "," $2,182,597 "," $427,278,000 "," $129,336,000 "," $556,614,000 ",5229.0,34.51902849493211
 Building & Contents , IDAHO , D Zone ,15.0," $20,612 "," $26,820 "," $3,750,000 "," $1,449,000 "," $5,199,000 ",5229.0,0.2868617326448652
 Building & Contents , IDAHO , Emergency Program ,1.0, $387 , $473 ," $35,000 "," $10,000 "," $45,000 ",5229.0,0.019124115509657678
 Building & Contents , IDAHO , Unknown or Invalid ,109.0," $85,488 "," $108,302 "," $24,610,000 "," $9,530,000 "," $34,140,000 ",5229.0,2.084528590552687
 Building & Contents , IDAHO , X Zone ,1281.0," $1,089,497 "," $1,376,267 "," $310,926,000 "," $125,247,000 "," $436,173,000 ",5229.0,24.497991967871485
 Building Only , IDAHO , All A Zones ,1847.0," $1,574,771 "," $2,023,143 "," $390,003,000 ", $-   ," $390,003,000 ",5229.0,35.32224134633773
 Building Only , IDAHO , D Zone ,2.0," $2,051 "," $2,453 "," $500,000 ", $-   ," $500,000 ",5229.0,0.038248231019315355
 Building Only , IDAHO , Unknown or Invalid ,3.0," $1,996 "," $2,630 "," $665,000 ", $-   ," $665,000 ",5229.0,0.05737234652897303
 Building Only , IDAHO , X Zone ,127.0," $96,719 "," $123,282 "," $29,958,000 ", $-   ," $29,958,000 ",5229.0,2.428762669726525
 Contents Only , IDAHO , All A Zones ,24.0," $23,547 "," $32,457 ", $-   ," $4,834,000 "," $4,834,000 ",5229.0,0.45897877223178424
 Contents Only , IDAHO , X Zone ,15.0," $5,474 "," $8,508 ", $-   ," $1,654,000 "," $1,654,000 ",5229.0,0.2868617326448652
 Building & Contents , ILLINOIS , All A Zones ,6762.0," $9,254,053 "," $11,311,818 "," $1,386,501,000 "," $376,883,000 "," $1,763,384,000 ",31830.0,21.24410933081998
 Building & Contents , ILLINOIS , All V Zones ,927.0," $183,776 "," $216,871 "," $213,363,000 "," $794,000 "," $214,157,000 ",31830.0,2.9123468426013197
 Building & Contents , ILLINOIS , Emergency Program ,11.0," $5,673 "," $7,327 "," $361,000 "," $107,000 "," $468,000 ",31830.0,0.03455859252277725
 Building & Contents , ILLINOIS , Unknown or Invalid ,488.0," $430,614 "," $531,950 "," $108,552,000 "," $43,358,000 "," $151,910,000 ",31830.0,1.5331448319195728
 Building & Contents , ILLINOIS , X Zone ,7291.0," $6,050,819 "," $7,477,382 "," $1,607,040,000 "," $656,959,000 "," $2,263,999,000 ",31830.0,22.906063462142633
 Building Only , ILLINOIS , All A Zones ,14671.0," $14,432,900 "," $17,591,481 "," $2,317,036,800 ", $-   ," $2,317,036,800 ",31830.0,46.091737354696825
 Building Only , ILLINOIS , All V Zones ,137.0," $59,453 "," $72,183 "," $32,874,000 ", $-   ," $32,874,000 ",31830.0,0.43041156142004394
 Building Only , ILLINOIS , Emergency Program ,3.0," $1,651 "," $2,448 "," $118,000 ", $-   ," $118,000 ",31830.0,0.009425070688030161
 Building Only , ILLINOIS , Unknown or Invalid ,33.0," $33,425 "," $42,666 "," $6,368,200 ", $-   ," $6,368,200 ",31830.0,0.10367577756833177
 Building Only , ILLINOIS , X Zone ,1202.0," $835,266 "," $1,066,233 "," $225,185,000 ", $-   ," $225,185,000 ",31830.0,3.7763116556707508
 Contents Only , ILLINOIS , All A Zones ,119.0," $158,963 "," $210,922 ", $-   ," $26,039,000 "," $26,039,000 ",31830.0,0.37386113729186304
 Contents Only , ILLINOIS , All V Zones ,1.0, $666 , $802 , $-   ," $100,000 "," $100,000 ",31830.0,0.003141690229343387
 Contents Only , ILLINOIS , Unknown or Invalid ,4.0, $835 ," $1,276 ", $-   ," $319,000 "," $319,000 ",31830.0,0.012566760917373548
 Contents Only , ILLINOIS , X Zone ,181.0," $134,080 "," $182,806 ", $-   ," $35,899,000 "," $35,899,000 ",31830.0,0.5686459315111531
 Building & Contents , INDIANA , All A Zones ,4244.0," $5,017,478 "," $6,210,142 "," $816,737,000 "," $312,590,000 "," $1,129,327,000 ",15941.0,26.62317295025406
 Building & Contents , INDIANA , All V Zones ,1.0, $664 ," $1,025 "," $250,000 "," $100,000 "," $350,000 ",15941.0,0.006273132174894926
 Building & Contents , INDIANA , D Zone ,1.0, $771 , $926 ," $250,000 "," $100,000 "," $350,000 ",15941.0,0.006273132174894926
 Building & Contents , INDIANA , Emergency Program ,4.0," $1,680 "," $2,049 "," $140,000 "," $40,000 "," $180,000 ",15941.0,0.025092528699579703
 Building & Contents , INDIANA , Unknown or Invalid ,39.0," $31,902 "," $40,539 "," $10,329,000 "," $5,958,000 "," $16,287,000 ",15941.0,0.24465215482090208
 Building & Contents , INDIANA , X Zone ,3779.0," $3,022,712 "," $3,781,123 "," $859,592,000 "," $358,199,000 "," $1,217,791,000 ",15941.0,23.70616648892792
 Building Only , INDIANA , All A Zones ,7145.0," $6,357,245 "," $8,012,041 "," $1,128,579,000 ", $-   ," $1,128,579,000 ",15941.0,44.82152938962424
 Building Only , INDIANA , All V Zones ,3.0," $1,816 "," $2,643 "," $1,250,000 ", $-   ," $1,250,000 ",15941.0,0.018819396524684773
 Building Only , INDIANA , Emergency Program ,6.0," $3,240 "," $4,372 "," $259,000 ", $-   ," $259,000 ",15941.0,0.03763879304936955
 Building Only , INDIANA , Unknown or Invalid ,4.0," $2,887 "," $3,922 "," $611,000 ", $-   ," $611,000 ",15941.0,0.025092528699579703
 Building Only , INDIANA , X Zone ,556.0," $357,570 "," $473,469 "," $128,974,000 ", $-   ," $128,974,000 ",15941.0,3.4878614892415785
 Contents Only , INDIANA , All A Zones ,72.0," $72,787 "," $101,933 ", $-   ," $19,586,000 "," $19,586,000 ",15941.0,0.4516655165924346
 Contents Only , INDIANA , D Zone ,1.0, $128 , $168 , $-   ," $8,000 "," $8,000 ",15941.0,0.006273132174894926
 Contents Only , INDIANA , Unknown or Invalid ,2.0, $809 ," $1,213 ", $-   ," $290,000 "," $290,000 ",15941.0,0.012546264349789851
 Contents Only , INDIANA , X Zone ,84.0," $52,250 "," $75,422 ", $-   ," $19,893,000 "," $19,893,000 ",15941.0,0.5269431026911737
 Building & Contents , IOWA , All A Zones ,2343.0," $3,497,898 "," $4,359,122 "," $485,076,000 "," $200,934,000 "," $686,010,000 ",9892.0,23.685806712494944
 Building & Contents , IOWA , Emergency Program ,2.0," $1,513 "," $2,043 "," $60,000 "," $16,000 "," $76,000 ",9892.0,0.020218358269308533
 Building & Contents , IOWA , Unknown or Invalid ,19.0," $20,335 "," $25,660 "," $3,939,000 "," $1,401,000 "," $5,340,000 ",9892.0,0.19207440355843106
 Building & Contents , IOWA , X Zone ,3064.0," $3,509,599 "," $4,386,350 "," $716,655,000 "," $326,272,000 "," $1,042,927,000 ",9892.0,30.974524868580673
 Building Only , IOWA , All A Zones ,3800.0," $4,474,104 "," $5,498,838 "," $576,345,400 ", $-   ," $576,345,400 ",9892.0,38.41488071168621
 Building Only , IOWA , Unknown or Invalid ,6.0," $4,987 "," $6,433 "," $885,000 ", $-   ," $885,000 ",9892.0,0.0606550748079256
 Building Only , IOWA , X Zone ,491.0," $427,583 "," $571,700 "," $89,999,000 ", $-   ," $89,999,000 ",9892.0,4.963606955115245
 Contents Only , IOWA , All A Zones ,70.0," $72,683 "," $101,545 ", $-   ," $14,379,000 "," $14,379,000 ",9892.0,0.7076425394257987
 Contents Only , IOWA , Unknown or Invalid ,2.0, $675 ," $1,280 ", $-   ," $29,000 "," $29,000 ",9892.0,0.020218358269308533
 Contents Only , IOWA , X Zone ,95.0," $66,429 "," $97,061 ", $-   ," $16,647,000 "," $16,647,000 ",9892.0,0.9603720177921552
 Building & Contents , KANSAS , All A Zones ,1963.0," $2,344,368 "," $2,906,569 "," $360,841,000 "," $141,986,000 "," $502,827,000 ",7106.0,27.624542640022515
 Building & Contents , KANSAS , Emergency Program ,5.0," $3,528 "," $4,920 "," $274,000 "," $45,000 "," $319,000 ",7106.0,0.07036307345904869
 Building & Contents , KANSAS , Unknown or Invalid ,88.0," $76,180 "," $97,650 "," $18,205,000 "," $7,718,000 "," $25,923,000 ",7106.0,1.238390092879257
 Building & Contents , KANSAS , X Zone ,1965.0," $1,729,532 "," $2,168,779 "," $444,587,000 "," $192,350,000 "," $636,937,000 ",7106.0,27.652687869406133
 Building Only , KANSAS , All A Zones ,2739.0," $2,421,469 "," $3,123,273 "," $375,179,000 ", $-   ," $375,179,000 ",7106.0,38.54489164086687
 Building Only , KANSAS , Emergency Program ,9.0," $4,016 "," $6,463 "," $257,000 ", $-   ," $257,000 ",7106.0,0.12665353222628764
 Building Only , KANSAS , Unknown or Invalid ,9.0," $7,703 "," $10,588 "," $1,394,000 ", $-   ," $1,394,000 ",7106.0,0.12665353222628764
 Building Only , KANSAS , X Zone ,239.0," $176,912 "," $243,407 "," $43,423,000 ", $-   ," $43,423,000 ",7106.0,3.3633549113425274
 Contents Only , KANSAS , All A Zones ,32.0," $46,898 "," $62,394 ", $-   ," $7,280,000 "," $7,280,000 ",7106.0,0.45032367013791164
 Contents Only , KANSAS , Unknown or Invalid ,3.0, $709 ," $1,111 ", $-   ," $184,000 "," $184,000 ",7106.0,0.042217844075429216
 Contents Only , KANSAS , X Zone ,54.0," $46,810 "," $63,100 ", $-   ," $12,495,000 "," $12,495,000 ",7106.0,0.7599211933577259
 Building & Contents , KENTUCKY , All A Zones ,4360.0," $6,869,295 "," $8,398,115 "," $773,540,000 "," $257,207,000 "," $1,030,747,000 ",17508.0,24.902901530728812
 Building & Contents , KENTUCKY , Unknown or Invalid ,27.0," $38,905 "," $50,403 "," $4,201,000 "," $887,000 "," $5,088,000 ",17508.0,0.15421521590130224
 Building & Contents , KENTUCKY , X Zone ,2762.0," $2,726,586 "," $3,409,432 "," $579,641,000 "," $236,523,000 "," $816,164,000 ",17508.0,15.77564541923692
 Building Only , KENTUCKY , All A Zones ,9767.0," $12,231,901 "," $14,857,650 "," $1,428,733,800 ", $-   ," $1,428,733,800 ",17508.0,55.78592643363034
 Building Only , KENTUCKY , Unknown or Invalid ,8.0," $11,192 "," $13,566 "," $974,400 ", $-   ," $974,400 ",17508.0,0.04569339730408956
 Building Only , KENTUCKY , X Zone ,405.0," $429,515 "," $562,721 "," $73,332,000 ", $-   ," $73,332,000 ",17508.0,2.313228238519534
 Contents Only , KENTUCKY , All A Zones ,96.0," $135,844 "," $178,761 ", $-   ," $19,027,000 "," $19,027,000 ",17508.0,0.5483207676490748
 Contents Only , KENTUCKY , Unknown or Invalid ,3.0," $2,335 "," $3,480 ", $-   ," $124,000 "," $124,000 ",17508.0,0.017135023989033587
 Contents Only , KENTUCKY , X Zone ,80.0," $93,630 "," $125,530 ", $-   ," $17,254,000 "," $17,254,000 ",17508.0,0.4569339730408956
 Building & Contents , LOUISIANA , All A Zones ,134539.0," $150,972,912 "," $184,283,293 "," $28,776,257,000 "," $9,164,421,000 "," $37,940,678,000 ",434853.0,30.93896098221698
 Building & Contents , LOUISIANA , All V Zones ,1482.0," $3,079,422 "," $3,806,746 "," $296,181,000 "," $84,376,000 "," $380,557,000 ",434853.0,0.3408048236990431
 Building & Contents , LOUISIANA , D Zone ,4.0," $8,067 "," $9,810 "," $890,000 "," $431,000 "," $1,321,000 ",434853.0,0.0009198510761107776
 Building & Contents , LOUISIANA , Unknown or Invalid ,23552.0," $18,373,386 "," $22,533,593 "," $5,558,402,000 "," $2,198,439,000 "," $7,756,841,000 ",434853.0,5.416083136140259
 Building & Contents , LOUISIANA , X Zone ,183452.0," $141,859,062 "," $177,471,733 "," $43,509,020,000 "," $16,948,518,000 "," $60,457,538,000 ",434853.0,42.1871299036686
 Building Only , LOUISIANA , All A Zones ,69733.0," $62,091,214 "," $80,474,568 "," $12,627,252,200 ", $-   ," $12,627,252,200 ",434853.0,16.035993772608215
 Building Only , LOUISIANA , All V Zones ,1024.0," $1,877,187 "," $2,328,081 "," $186,981,200 ", $-   ," $186,981,200 ",434853.0,0.23548187548435906
 Building Only , LOUISIANA , D Zone ,3.0," $7,047 "," $8,815 "," $707,000 ", $-   ," $707,000 ",434853.0,0.0006898883070830833
 Building Only , LOUISIANA , Unknown or Invalid ,918.0," $630,262 "," $858,955 "," $173,608,000 ", $-   ," $173,608,000 ",434853.0,0.21110582196742347
 Building Only , LOUISIANA , X Zone ,14682.0," $8,345,429 "," $11,879,609 "," $2,901,539,000 ", $-   ," $2,901,539,000 ",434853.0,3.3763133748646097
 Contents Only , LOUISIANA , All A Zones ,2048.0," $1,618,763 "," $2,228,209 ", $-   ," $336,552,000 "," $336,552,000 ",434853.0,0.4709637509687181
 Contents Only , LOUISIANA , All V Zones ,18.0," $32,056 "," $41,050 ", $-   ," $1,961,000 "," $1,961,000 ",434853.0,0.0041393298424984995
 Contents Only , LOUISIANA , Unknown or Invalid ,245.0," $155,793 "," $222,539 ", $-   ," $43,564,000 "," $43,564,000 ",434853.0,0.05634087841178513
 Contents Only , LOUISIANA , X Zone ,3153.0," $1,852,072 "," $2,675,940 ", $-   ," $544,841,000 "," $544,841,000 ",434853.0,0.7250726107443205
 Building & Contents , MAINE , All A Zones ,1712.0," $2,860,752 "," $3,618,511 "," $393,776,000 "," $109,286,000 "," $503,062,000 ",8572.0,19.97200186654223
 Building & Contents , MAINE , All V Zones ,482.0," $775,734 "," $989,931 "," $117,086,000 "," $29,978,000 "," $147,064,000 ",8572.0,5.622958469435371
 Building & Contents , MAINE , D Zone ,1.0, $662 , $798 ," $150,000 "," $60,000 "," $210,000 ",8572.0,0.011665888940737284
 Building & Contents , MAINE , Unknown or Invalid ,1168.0," $959,352 "," $1,288,023 "," $280,552,000 "," $107,416,000 "," $387,968,000 ",8572.0,13.625758282781147
 Building & Contents , MAINE , X Zone ,1790.0," $1,486,389 "," $1,997,044 "," $417,698,000 "," $161,171,000 "," $578,869,000 ",8572.0,20.881941203919737
 Building Only , MAINE , All A Zones ,2522.0," $3,386,817 "," $4,247,080 "," $498,052,800 ", $-   ," $498,052,800 ",8572.0,29.421371908539427
 Building Only , MAINE , All V Zones ,376.0," $514,470 "," $652,463 "," $84,146,200 ", $-   ," $84,146,200 ",8572.0,4.386374241717219
 Building Only , MAINE , Unknown or Invalid ,155.0," $163,567 "," $205,572 "," $36,653,000 ", $-   ," $36,653,000 ",8572.0,1.808212785814279
 Building Only , MAINE , X Zone ,278.0," $279,547 "," $357,664 "," $56,828,000 ", $-   ," $56,828,000 ",8572.0,3.243117125524965
 Contents Only , MAINE , All A Zones ,44.0," $67,567 "," $88,107 ", $-   ," $7,136,000 "," $7,136,000 ",8572.0,0.5132991133924405
 Contents Only , MAINE , All V Zones ,2.0," $1,066 "," $1,741 ", $-   ," $175,000 "," $175,000 ",8572.0,0.02333177788147457
 Contents Only , MAINE , Unknown or Invalid ,11.0," $6,032 "," $8,201 ", $-   ," $956,000 "," $956,000 ",8572.0,0.12832477834811012
 Contents Only , MAINE , X Zone ,31.0," $18,696 "," $27,298 ", $-   ," $5,162,000 "," $5,162,000 ",8572.0,0.3616425571628558
 Building & Contents , MARYLAND , All A Zones ,12335.0," $9,725,778 "," $12,497,516 "," $2,968,964,000 "," $881,167,000 "," $3,850,131,000 ",63194.0,19.51925815742001
 Building & Contents , MARYLAND , All V Zones ,442.0," $217,900 "," $283,973 "," $99,660,000 "," $22,198,000 "," $121,858,000 ",63194.0,0.699433490521252
 Building & Contents , MARYLAND , Unknown or Invalid ,33.0," $44,564 "," $55,382 "," $8,306,000 "," $3,351,000 "," $11,657,000 ",63194.0,0.05222014748235592
 Building & Contents , MARYLAND , X Zone ,19521.0," $8,885,299 "," $11,578,440 "," $4,625,977,000 "," $1,559,601,000 "," $6,185,578,000 ",63194.0,30.890590878880907
 Building Only , MARYLAND , All A Zones ,14702.0," $7,160,763 "," $9,227,530 "," $3,065,368,000 ", $-   ," $3,065,368,000 ",63194.0,23.264866917745355
 Building Only , MARYLAND , All V Zones ,514.0," $132,134 "," $169,409 "," $113,875,000 ", $-   ," $113,875,000 ",63194.0,0.8133683577554831
 Building Only , MARYLAND , Unknown or Invalid ,4.0," $1,476 "," $2,484 "," $461,000 ", $-   ," $461,000 ",63194.0,0.006329714846346173
 Building Only , MARYLAND , X Zone ,14939.0," $3,627,927 "," $4,562,534 "," $3,083,693,000 ", $-   ," $3,083,693,000 ",63194.0,23.639902522391367
 Contents Only , MARYLAND , All A Zones ,274.0," $181,217 "," $266,068 ", $-   ," $37,986,000 "," $37,986,000 ",63194.0,0.4335854669747128
 Contents Only , MARYLAND , All V Zones ,18.0," $5,390 "," $10,257 ", $-   ," $1,552,000 "," $1,552,000 ",63194.0,0.028483716808557775
 Contents Only , MARYLAND , X Zone ,412.0," $140,413 "," $231,474 ", $-   ," $50,169,000 "," $50,169,000 ",63194.0,0.6519606291736557
 Building & Contents , MASSACHUSETTS , All A Zones ,15236.0," $22,112,457 "," $27,519,264 "," $3,751,666,000 "," $1,135,930,000 "," $4,887,596,000 ",56804.0,26.822054784874304
 Building & Contents , MASSACHUSETTS , All V Zones ,3225.0," $5,721,563 "," $7,132,209 "," $772,412,000 "," $215,161,000 "," $987,573,000 ",56804.0,5.677417083303993
 Building & Contents , MASSACHUSETTS , Unknown or Invalid ,468.0," $445,018 "," $568,192 "," $118,994,000 "," $42,438,000 "," $161,432,000 ",56804.0,0.8238856418562073
 Building & Contents , MASSACHUSETTS , X Zone ,9937.0," $7,352,473 "," $9,575,995 "," $2,369,312,000 "," $878,643,000 "," $3,247,955,000 ",56804.0,17.493486374198998
 Building Only , MASSACHUSETTS , All A Zones ,21827.0," $22,780,983 "," $28,123,822 "," $5,032,071,800 ", $-   ," $5,032,071,800 ",56804.0,38.42511090768256
 Building Only , MASSACHUSETTS , All V Zones ,2697.0," $4,019,759 "," $4,996,135 "," $583,426,000 ", $-   ," $583,426,000 ",56804.0,4.747905077107246
 Building Only , MASSACHUSETTS , Unknown or Invalid ,128.0," $92,177 "," $116,558 "," $27,073,000 ", $-   ," $27,073,000 ",56804.0,0.22533624392648408
 Building Only , MASSACHUSETTS , X Zone ,2660.0," $1,285,869 "," $1,617,982 "," $558,772,000 ", $-   ," $558,772,000 ",56804.0,4.682768819097246
 Contents Only , MASSACHUSETTS , All A Zones ,342.0," $385,298 "," $520,395 ", $-   ," $71,700,000 "," $71,700,000 ",56804.0,0.6020702767410745
 Contents Only , MASSACHUSETTS , All V Zones ,45.0," $49,453 "," $66,979 ", $-   ," $5,557,000 "," $5,557,000 ",56804.0,0.07921977325540454
 Contents Only , MASSACHUSETTS , Unknown or Invalid ,7.0," $5,577 "," $6,922 ", $-   ," $995,000 "," $995,000 ",56804.0,0.012323075839729598
 Contents Only , MASSACHUSETTS , X Zone ,232.0," $136,523 "," $195,994 ", $-   ," $44,482,000 "," $44,482,000 ",56804.0,0.40842194211675237
 Building & Contents , MICHIGAN , All A Zones ,5429.0," $5,262,020 "," $6,580,464 "," $1,142,791,000 "," $368,633,000 "," $1,511,424,000 ",19708.0,27.547188958798458
 Building & Contents , MICHIGAN , All V Zones ,55.0," $69,365 "," $89,513 "," $14,289,000 "," $5,805,000 "," $20,094,000 ",19708.0,0.27907448751775926
 Building & Contents , MICHIGAN , D Zone ,11.0," $39,860 "," $48,569 "," $3,532,000 "," $1,876,000 "," $5,408,000 ",19708.0,0.055814897503551855
 Building & Contents , MICHIGAN , Emergency Program ,14.0," $6,800 "," $8,931 "," $480,000 "," $137,000 "," $617,000 ",19708.0,0.07103714227724782
 Building & Contents , MICHIGAN , Unknown or Invalid ,81.0," $53,602 "," $70,183 "," $18,133,000 "," $6,303,000 "," $24,436,000 ",19708.0,0.41100060888979095
 Building & Contents , MICHIGAN , X Zone ,4482.0," $2,930,243 "," $3,719,470 "," $944,238,000 "," $369,243,000 "," $1,313,481,000 ",19708.0,22.742033691901767
 Building Only , MICHIGAN , All A Zones ,8727.0," $6,905,691 "," $8,598,660 "," $1,408,631,800 ", $-   ," $1,408,631,800 ",19708.0,44.28151004668155
 Building Only , MICHIGAN , All V Zones ,41.0," $28,535 "," $36,423 "," $7,721,000 ", $-   ," $7,721,000 ",19708.0,0.20803734524051146
 Building Only , MICHIGAN , Emergency Program ,1.0, $266 , $555 ," $35,000 ", $-   ," $35,000 ",19708.0,0.005074081591231987
 Building Only , MICHIGAN , Unknown or Invalid ,7.0," $8,823 "," $11,428 "," $1,217,000 ", $-   ," $1,217,000 ",19708.0,0.03551857113862391
 Building Only , MICHIGAN , X Zone ,688.0," $443,778 "," $583,532 "," $122,481,000 ", $-   ," $122,481,000 ",19708.0,3.4909681347676074
 Contents Only , MICHIGAN , All A Zones ,69.0," $59,503 "," $82,381 ", $-   ," $13,699,000 "," $13,699,000 ",19708.0,0.3501116297950071
 Contents Only , MICHIGAN , D Zone ,3.0," $6,544 "," $8,447 ", $-   ," $855,000 "," $855,000 ",19708.0,0.01522224477369596
 Contents Only , MICHIGAN , Unknown or Invalid ,2.0," $2,668 "," $3,406 ", $-   ," $600,000 "," $600,000 ",19708.0,0.010148163182463974
 Contents Only , MICHIGAN , X Zone ,98.0," $51,302 "," $72,286 ", $-   ," $17,814,000 "," $17,814,000 ",19708.0,0.4972599959407347
 Building & Contents , MINNESOTA , All A Zones ,1555.0," $2,157,059 "," $2,674,324 "," $354,284,000 "," $135,863,000 "," $490,147,000 ",6903.0,22.526437780675067
 Building & Contents , MINNESOTA , D Zone ,3.0," $2,325 "," $3,018 "," $750,000 "," $300,000 "," $1,050,000 ",6903.0,0.0434593654932638
 Building & Contents , MINNESOTA , Emergency Program ,3.0," $6,091 "," $7,686 "," $235,000 "," $144,000 "," $379,000 ",6903.0,0.0434593654932638
 Building & Contents , MINNESOTA , Unknown or Invalid ,275.0," $270,908 "," $340,643 "," $60,211,000 "," $24,559,000 "," $84,770,000 ",6903.0,3.983775170215848
 Building & Contents , MINNESOTA , X Zone ,2695.0," $2,097,403 "," $2,614,875 "," $593,010,000 "," $245,218,000 "," $838,228,000 ",6903.0,39.04099666811531
 Building Only , MINNESOTA , All A Zones ,1970.0," $2,269,186 "," $2,792,430 "," $355,618,800 ", $-   ," $355,618,800 ",6903.0,28.538316673909897
 Building Only , MINNESOTA , D Zone ,2.0," $1,502 "," $2,256 "," $184,000 ", $-   ," $184,000 ",6903.0,0.02897291032884253
 Building Only , MINNESOTA , Emergency Program ,2.0, $979 ," $1,638 "," $65,000 ", $-   ," $65,000 ",6903.0,0.02897291032884253
 Building Only , MINNESOTA , Unknown or Invalid ,13.0," $10,149 "," $13,765 "," $1,726,000 ", $-   ," $1,726,000 ",6903.0,0.18832391713747645
 Building Only , MINNESOTA , X Zone ,313.0," $180,378 "," $242,227 "," $43,660,000 ", $-   ," $43,660,000 ",6903.0,4.534260466463856
 Contents Only , MINNESOTA , All A Zones ,28.0," $24,428 "," $33,115 ", $-   ," $5,606,000 "," $5,606,000 ",6903.0,0.4056207446037955
 Contents Only , MINNESOTA , Unknown or Invalid ,9.0," $2,570 "," $4,080 ", $-   ," $1,109,000 "," $1,109,000 ",6903.0,0.1303780964797914
 Contents Only , MINNESOTA , X Zone ,35.0," $18,199 "," $25,655 ", $-   ," $6,722,000 "," $6,722,000 ",6903.0,0.5070259307547443
 Building & Contents , MISSISSIPPI , All A Zones ,21938.0," $26,149,260 "," $32,408,428 "," $4,618,075,000 "," $1,621,421,000 "," $6,239,496,000 ",52820.0,41.533510034078006
 Building & Contents , MISSISSIPPI , All V Zones ,1857.0," $2,485,716 "," $3,119,311 "," $460,154,000 "," $130,461,000 "," $590,615,000 ",52820.0,3.5157137447936386
 Building & Contents , MISSISSIPPI , Unknown or Invalid ,142.0," $106,972 "," $133,756 "," $30,335,000 "," $12,031,000 "," $42,366,000 ",52820.0,0.26883756152972355
 Building & Contents , MISSISSIPPI , X Zone ,15039.0," $12,612,649 "," $15,817,428 "," $3,435,174,000 "," $1,365,207,000 "," $4,800,381,000 ",52820.0,28.472169632714884
 Building Only , MISSISSIPPI , All A Zones ,11065.0," $10,595,530 "," $13,849,276 "," $1,976,215,600 ", $-   ," $1,976,215,600 ",52820.0,20.948504354411206
 Building Only , MISSISSIPPI , All V Zones ,761.0," $854,669 "," $1,079,082 "," $196,755,000 ", $-   ," $196,755,000 ",52820.0,1.4407421431276033
 Building Only , MISSISSIPPI , Unknown or Invalid ,7.0," $8,835 "," $11,891 "," $1,573,000 ", $-   ," $1,573,000 ",52820.0,0.013252555850056797
 Building Only , MISSISSIPPI , X Zone ,1284.0," $968,441 "," $1,315,257 "," $265,088,000 ", $-   ," $265,088,000 ",52820.0,2.4308973873532755
 Contents Only , MISSISSIPPI , All A Zones ,284.0," $315,392 "," $420,743 ", $-   ," $51,893,000 "," $51,893,000 ",52820.0,0.5376751230594471
 Contents Only , MISSISSIPPI , All V Zones ,55.0," $38,756 "," $53,615 ", $-   ," $4,818,000 "," $4,818,000 ",52820.0,0.10412722453616054
 Contents Only , MISSISSIPPI , X Zone ,388.0," $257,707 "," $369,018 ", $-   ," $69,661,000 "," $69,661,000 ",52820.0,0.7345702385460052
 Building & Contents , MISSOURI , All A Zones ,4337.0," $7,185,794 "," $8,875,690 "," $857,016,000 "," $306,474,000 "," $1,163,490,000 ",15622.0,27.762130329023172
 Building & Contents , MISSOURI , D Zone ,20.0," $17,161 "," $21,030 "," $2,868,000 "," $731,000 "," $3,599,000 ",15622.0,0.12802458071949813
 Building & Contents , MISSOURI , Unknown or Invalid ,144.0," $120,912 "," $150,464 "," $28,293,000 "," $12,180,000 "," $40,473,000 ",15622.0,0.9217769811803866
 Building & Contents , MISSOURI , X Zone ,3550.0," $4,180,095 "," $5,210,609 "," $854,063,000 "," $407,332,000 "," $1,261,395,000 ",15622.0,22.724363077710922
 Building Only , MISSOURI , All A Zones ,6557.0," $7,699,396 "," $9,741,608 "," $1,001,978,600 ", $-   ," $1,001,978,600 ",15622.0,41.97285878888747
 Building Only , MISSOURI , D Zone ,7.0," $3,111 "," $5,361 "," $422,000 ", $-   ," $422,000 ",15622.0,0.04480860325182435
 Building Only , MISSOURI , Unknown or Invalid ,35.0," $22,889 "," $32,316 "," $5,499,000 ", $-   ," $5,499,000 ",15622.0,0.22404301625912176
 Building Only , MISSOURI , X Zone ,614.0," $606,941 "," $803,911 "," $130,294,000 ", $-   ," $130,294,000 ",15622.0,3.9303546280885926
 Contents Only , MISSOURI , All A Zones ,138.0," $287,631 "," $370,256 ", $-   ," $38,401,000 "," $38,401,000 ",15622.0,0.8833696069645371
 Contents Only , MISSOURI , Unknown or Invalid ,5.0," $9,107 "," $11,953 ", $-   ," $1,455,000 "," $1,455,000 ",15622.0,0.03200614517987453
 Contents Only , MISSOURI , X Zone ,215.0," $297,801 "," $394,780 ", $-   ," $64,680,000 "," $64,680,000 ",15622.0,1.376264242734605
 Building & Contents , MONTANA , All A Zones ,1434.0," $1,348,488 "," $1,694,363 "," $271,697,000 "," $96,832,000 "," $368,529,000 ",3864.0,37.11180124223603
 Building & Contents , MONTANA , D Zone ,23.0," $23,409 "," $30,482 "," $4,973,000 "," $2,039,000 "," $7,012,000 ",3864.0,0.5952380952380952
 Building & Contents , MONTANA , Unknown or Invalid ,90.0," $60,631 "," $80,903 "," $19,572,000 "," $7,791,000 "," $27,363,000 ",3864.0,2.329192546583851
 Building & Contents , MONTANA , X Zone ,901.0," $754,254 "," $965,830 "," $211,842,000 "," $85,051,000 "," $296,893,000 ",3864.0,23.317805383022776
 Building Only , MONTANA , All A Zones ,1285.0," $1,145,550 "," $1,449,133 "," $216,619,400 ", $-   ," $216,619,400 ",3864.0,33.25569358178054
 Building Only , MONTANA , D Zone ,8.0," $3,696 "," $6,069 "," $396,000 ", $-   ," $396,000 ",3864.0,0.2070393374741201
 Building Only , MONTANA , Unknown or Invalid ,4.0," $3,803 "," $5,003 "," $299,000 ", $-   ," $299,000 ",3864.0,0.10351966873706005
 Building Only , MONTANA , X Zone ,101.0," $58,406 "," $80,615 "," $16,649,000 ", $-   ," $16,649,000 ",3864.0,2.613871635610766
 Contents Only , MONTANA , All A Zones ,8.0," $6,813 "," $9,747 ", $-   ," $2,387,000 "," $2,387,000 ",3864.0,0.2070393374741201
 Contents Only , MONTANA , D Zone ,1.0, $512 , $846 , $-   ," $500,000 "," $500,000 ",3864.0,0.025879917184265012
 Contents Only , MONTANA , Unknown or Invalid ,1.0, $178 , $452 , $-   ," $100,000 "," $100,000 ",3864.0,0.025879917184265012
 Contents Only , MONTANA , X Zone ,8.0," $2,806 "," $3,894 ", $-   ," $1,094,000 "," $1,094,000 ",3864.0,0.2070393374741201
 Building & Contents , N. MARIANA ISLAND , All A Zones ,1.0, $591 , $939 ," $99,000 "," $2,000 "," $101,000 ",3.0,33.33333333333333
 Building & Contents , N. MARIANA ISLAND , X Zone ,1.0, $627 , $756 ," $134,000 "," $48,000 "," $182,000 ",3.0,33.33333333333333
 Building Only , N. MARIANA ISLAND , All V Zones ,1.0, $599 , $948 ," $56,000 ", $-   ," $56,000 ",3.0,33.33333333333333
 Building & Contents , NEBRASKA , All A Zones ,2086.0," $2,411,801 "," $3,048,544 "," $458,895,000 "," $181,141,000 "," $640,036,000 ",7583.0,27.50890149017539
 Building & Contents , NEBRASKA , Emergency Program ,3.0," $1,368 "," $2,114 "," $170,000 "," $30,000 "," $200,000 ",7583.0,0.039562178557299224
 Building & Contents , NEBRASKA , Unknown or Invalid ,41.0," $32,615 "," $41,188 "," $8,125,000 "," $3,269,000 "," $11,394,000 ",7583.0,0.5406831069497561
 Building & Contents , NEBRASKA , X Zone ,1303.0," $1,097,669 "," $1,402,527 "," $308,716,000 "," $124,639,000 "," $433,355,000 ",7583.0,17.183172886720296
 Building Only , NEBRASKA , All A Zones ,3882.0," $3,114,243 "," $4,080,006 "," $673,410,000 ", $-   ," $673,410,000 ",7583.0,51.1934590531452
 Building Only , NEBRASKA , Emergency Program ,2.0, $673 ," $1,052 "," $53,000 ", $-   ," $53,000 ",7583.0,0.026374785704866146
 Building Only , NEBRASKA , Unknown or Invalid ,5.0," $2,532 "," $3,521 "," $515,000 ", $-   ," $515,000 ",7583.0,0.06593696426216537
 Building Only , NEBRASKA , X Zone ,154.0," $123,688 "," $173,478 "," $34,849,000 ", $-   ," $34,849,000 ",7583.0,2.0308584992746934
 Contents Only , NEBRASKA , All A Zones ,81.0," $105,651 "," $139,067 ", $-   ," $19,350,000 "," $19,350,000 ",7583.0,1.0681788210470788
 Contents Only , NEBRASKA , Unknown or Invalid ,1.0, $295 , $590 , $-   ," $9,000 "," $9,000 ",7583.0,0.013187392852433073
 Contents Only , NEBRASKA , X Zone ,25.0," $25,186 "," $34,634 ", $-   ," $6,539,000 "," $6,539,000 ",7583.0,0.3296848213108269
 Building & Contents , NEVADA , All A Zones ,2240.0," $2,299,158 "," $2,849,054 "," $528,105,000 "," $192,176,000 "," $720,281,000 ",9393.0,23.847546044927075
 Building & Contents , NEVADA , D Zone ,4.0," $1,953 "," $2,371 "," $1,000,000 "," $400,000 "," $1,400,000 ",9393.0,0.04258490365165549
 Building & Contents , NEVADA , Unknown or Invalid ,1.0," $3,955 "," $4,908 "," $500,000 "," $233,000 "," $733,000 ",9393.0,0.010646225912913872
 Building & Contents , NEVADA , X Zone ,2162.0," $1,639,676 "," $2,063,499 "," $532,934,000 "," $216,576,000 "," $749,510,000 ",9393.0,23.01714042371979
 Building Only , NEVADA , All A Zones ,4712.0," $3,517,337 "," $4,421,278 "," $1,045,916,000 ", $-   ," $1,045,916,000 ",9393.0,50.165016501650165
 Building Only , NEVADA , D Zone ,2.0," $1,746 "," $2,543 "," $164,000 ", $-   ," $164,000 ",9393.0,0.021292451825827743
 Building Only , NEVADA , X Zone ,148.0," $160,777 "," $213,091 "," $46,605,000 ", $-   ," $46,605,000 ",9393.0,1.575641435111253
 Contents Only , NEVADA , All A Zones ,69.0," $100,373 "," $134,659 ", $-   ," $19,296,000 "," $19,296,000 ",9393.0,0.7345895879910571
 Contents Only , NEVADA , X Zone ,55.0," $40,766 "," $57,342 ", $-   ," $13,789,000 "," $13,789,000 ",9393.0,0.5855424252102629
 Building & Contents , NEW HAMPSHIRE , All A Zones ,1760.0," $2,358,739 "," $2,926,117 "," $386,961,000 "," $96,917,000 "," $483,878,000 ",7596.0,23.17008952080042
 Building & Contents , NEW HAMPSHIRE , All V Zones ,105.0," $136,770 "," $175,945 "," $25,546,000 "," $8,596,000 "," $34,142,000 ",7596.0,1.382306477093207
 Building & Contents , NEW HAMPSHIRE , Emergency Program ,1.0, $277 , $568 ," $35,000 "," $10,000 "," $45,000 ",7596.0,0.013164823591363875
 Building & Contents , NEW HAMPSHIRE , Unknown or Invalid ,21.0," $14,213 "," $19,143 "," $3,974,000 "," $1,580,000 "," $5,554,000 ",7596.0,0.2764612954186414
 Building & Contents , NEW HAMPSHIRE , X Zone ,1533.0," $1,330,923 "," $1,690,367 "," $357,125,000 "," $141,274,000 "," $498,399,000 ",7596.0,20.181674565560822
 Building Only , NEW HAMPSHIRE , All A Zones ,3535.0," $3,920,425 "," $4,876,837 "," $740,358,000 ", $-   ," $740,358,000 ",7596.0,46.5376513954713
 Building Only , NEW HAMPSHIRE , All V Zones ,50.0," $58,574 "," $74,493 "," $11,504,000 ", $-   ," $11,504,000 ",7596.0,0.6582411795681937
 Building Only , NEW HAMPSHIRE , Unknown or Invalid ,3.0," $1,586 "," $2,597 "," $225,000 ", $-   ," $225,000 ",7596.0,0.03949447077409163
 Building Only , NEW HAMPSHIRE , X Zone ,474.0," $322,675 "," $407,905 "," $99,854,000 ", $-   ," $99,854,000 ",7596.0,6.240126382306476
 Contents Only , NEW HAMPSHIRE , All A Zones ,67.0," $101,724 "," $132,392 ", $-   ," $14,087,000 "," $14,087,000 ",7596.0,0.8820431806213798
 Contents Only , NEW HAMPSHIRE , Unknown or Invalid ,1.0, $278 , $345 , $-   ," $32,000 "," $32,000 ",7596.0,0.013164823591363875
 Contents Only , NEW HAMPSHIRE , X Zone ,46.0," $18,810 "," $27,684 ", $-   ," $5,225,000 "," $5,225,000 ",7596.0,0.6055818852027383
 Building & Contents , NEW JERSEY , All A Zones ,75546.0," $86,905,287 "," $110,235,768 "," $18,235,872,000 "," $4,290,513,000 "," $22,526,385,000 ",200764.0,37.62925624115878
 Building & Contents , NEW JERSEY , All V Zones ,1246.0," $1,612,543 "," $2,153,080 "," $319,182,000 "," $108,764,000 "," $427,946,000 ",200764.0,0.6206291964694866
 Building & Contents , NEW JERSEY , D Zone ,7.0," $28,452 "," $35,264 "," $2,340,000 "," $1,604,000 "," $3,944,000 ",200764.0,0.003486680879042059
 Building & Contents , NEW JERSEY , Unknown or Invalid ,1621.0," $1,290,341 "," $1,671,828 "," $397,571,000 "," $135,204,000 "," $532,775,000 ",200764.0,0.8074156721324541
 Building & Contents , NEW JERSEY , X Zone ,22582.0," $17,834,652 "," $22,547,815 "," $5,433,814,000 "," $1,836,444,000 "," $7,270,258,000 ",200764.0,11.248032515789683
 Building Only , NEW JERSEY , All A Zones ,88508.0," $83,617,005 "," $105,373,525 "," $20,035,057,000 ", $-   ," $20,035,057,000 ",200764.0,44.085593034607804
 Building Only , NEW JERSEY , All V Zones ,979.0," $747,584 "," $972,830 "," $233,051,000 ", $-   ," $233,051,000 ",200764.0,0.4876372257974537
 Building Only , NEW JERSEY , D Zone ,1.0," $1,398 "," $1,891 "," $250,000 ", $-   ," $250,000 ",200764.0,0.00049809726843458
 Building Only , NEW JERSEY , Unknown or Invalid ,394.0," $268,461 "," $331,863 "," $95,426,000 ", $-   ," $95,426,000 ",200764.0,0.19625032376322452
 Building Only , NEW JERSEY , X Zone ,6592.0," $3,837,649 "," $4,822,678 "," $1,462,164,000 ", $-   ," $1,462,164,000 ",200764.0,3.283457193520751
 Contents Only , NEW JERSEY , All A Zones ,2495.0," $2,269,582 "," $3,171,637 ", $-   ," $394,847,000 "," $394,847,000 ",200764.0,1.242752684744277
 Contents Only , NEW JERSEY , All V Zones ,58.0," $34,614 "," $52,829 ", $-   ," $6,107,000 "," $6,107,000 ",200764.0,0.02888964156920563
 Contents Only , NEW JERSEY , Unknown or Invalid ,29.0," $20,786 "," $29,059 ", $-   ," $5,629,000 "," $5,629,000 ",200764.0,0.014444820784602816
 Contents Only , NEW JERSEY , X Zone ,706.0," $623,621 "," $851,959 ", $-   ," $147,601,000 "," $147,601,000 ",200764.0,0.35165667151481345
 Building & Contents , NEW MEXICO , All A Zones ,3223.0," $4,478,456 "," $5,570,700 "," $670,239,000 "," $239,528,000 "," $909,767,000 ",12898.0,24.98837028996744
 Building & Contents , NEW MEXICO , D Zone ,8.0," $7,645 "," $10,054 "," $2,050,000 "," $1,031,000 "," $3,081,000 ",12898.0,0.06202512017367033
 Building & Contents , NEW MEXICO , Emergency Program ,2.0," $1,629 "," $2,180 "," $70,000 "," $20,000 "," $90,000 ",12898.0,0.015506280043417583
 Building & Contents , NEW MEXICO , Unknown or Invalid ,14.0," $10,286 "," $13,268 "," $2,494,000 "," $1,012,000 "," $3,506,000 ",12898.0,0.10854396030392309
 Building & Contents , NEW MEXICO , X Zone ,3942.0," $4,231,956 "," $5,399,347 "," $763,981,000 "," $317,237,000 "," $1,081,218,000 ",12898.0,30.562877965576057
 Building Only , NEW MEXICO , All A Zones ,5298.0," $4,642,183 "," $5,878,565 "," $975,689,600 ", $-   ," $975,689,600 ",12898.0,41.076135835013176
 Building Only , NEW MEXICO , D Zone ,6.0," $4,602 "," $6,430 "," $1,268,000 ", $-   ," $1,268,000 ",12898.0,0.04651884013025275
 Building Only , NEW MEXICO , Emergency Program ,1.0, $364 , $671 ," $31,000 ", $-   ," $31,000 ",12898.0,0.007753140021708791
 Building Only , NEW MEXICO , Unknown or Invalid ,1.0," $3,439 "," $4,300 "," $220,000 ", $-   ," $220,000 ",12898.0,0.007753140021708791
 Building Only , NEW MEXICO , X Zone ,290.0," $239,226 "," $321,410 "," $55,364,000 ", $-   ," $55,364,000 ",12898.0,2.24841060629555
 Contents Only , NEW MEXICO , All A Zones ,45.0," $34,479 "," $47,731 ", $-   ," $8,406,000 "," $8,406,000 ",12898.0,0.34889130097689564
 Contents Only , NEW MEXICO , D Zone ,1.0, $364 , $671 , $-   ," $500,000 "," $500,000 ",12898.0,0.007753140021708791
 Contents Only , NEW MEXICO , X Zone ,67.0," $48,283 "," $64,163 ", $-   ," $9,571,000 "," $9,571,000 ",12898.0,0.519460381454489
 Building & Contents , NEW YORK , All A Zones ,53584.0," $77,019,457 "," $94,124,903 "," $13,056,744,000 "," $3,296,190,000 "," $16,352,934,000 ",168289.0,31.840464914522045
 Building & Contents , NEW YORK , All V Zones ,1788.0," $3,268,822 "," $4,081,635 "," $455,416,000 "," $121,493,000 "," $576,909,000 ",168289.0,1.0624580335018925
 Building & Contents , NEW YORK , Unknown or Invalid ,2136.0," $2,255,204 "," $2,868,402 "," $509,895,000 "," $239,919,000 "," $749,814,000 ",168289.0,1.2692451675391736
 Building & Contents , NEW YORK , X Zone ,57496.0," $40,998,925 "," $51,759,340 "," $13,772,885,000 "," $4,628,569,000 "," $18,401,454,000 ",168289.0,34.16503752473424
 Building Only , NEW YORK , All A Zones ,40508.0," $54,034,487 "," $66,689,500 "," $9,075,893,000 ", $-   ," $9,075,893,000 ",168289.0,24.070497774661444
 Building Only , NEW YORK , All V Zones ,1386.0," $1,570,895 "," $1,944,887 "," $337,416,000 ", $-   ," $337,416,000 ",168289.0,0.8235832407346886
 Building Only , NEW YORK , Unknown or Invalid ,218.0," $301,275 "," $387,407 "," $44,185,000 ", $-   ," $44,185,000 ",168289.0,0.1295390667245037
 Building Only , NEW YORK , X Zone ,8523.0," $5,227,531 "," $6,607,642 "," $1,878,983,000 ", $-   ," $1,878,983,000 ",168289.0,5.064502136206169
 Contents Only , NEW YORK , All A Zones ,1221.0," $1,469,148 "," $1,927,496 ", $-   ," $217,271,000 "," $217,271,000 ",168289.0,0.7255376168377018
 Contents Only , NEW YORK , All V Zones ,64.0," $54,186 "," $75,346 ", $-   ," $6,184,000 "," $6,184,000 ",168289.0,0.03802981775398274
 Contents Only , NEW YORK , Unknown or Invalid ,54.0," $39,513 "," $56,741 ", $-   ," $10,069,000 "," $10,069,000 ",168289.0,0.03208765872992293
 Contents Only , NEW YORK , X Zone ,1311.0," $716,178 "," $1,018,910 ", $-   ," $213,597,000 "," $213,597,000 ",168289.0,0.77901704805424
 Building & Contents , NORTH CAROLINA , All A Zones ,40536.0," $41,040,415 "," $52,656,994 "," $9,299,933,000 "," $2,665,889,000 "," $11,965,822,000 ",131308.0,30.87092941785725
 Building & Contents , NORTH CAROLINA , All V Zones ,5941.0," $6,375,464 "," $8,441,386 "," $1,353,317,000 "," $323,816,000 "," $1,677,133,000 ",131308.0,4.5244768026319795
 Building & Contents , NORTH CAROLINA , Unknown or Invalid ,103.0," $81,845 "," $107,061 "," $23,644,000 "," $8,786,000 "," $32,430,000 ",131308.0,0.07844152679197001
 Building & Contents , NORTH CAROLINA , X Zone ,47438.0," $31,679,655 "," $41,128,865 "," $11,183,329,000 "," $4,243,040,000 "," $15,426,369,000 ",131308.0,36.127273281140525
 Building Only , NORTH CAROLINA , All A Zones ,25569.0," $20,495,318 "," $26,530,899 "," $5,301,265,800 ", $-   ," $5,301,265,800 ",131308.0,19.472537849940597
 Building Only , NORTH CAROLINA , All V Zones ,5138.0," $2,724,246 "," $3,512,496 "," $981,475,000 ", $-   ," $981,475,000 ",131308.0,3.912937520943126
 Building Only , NORTH CAROLINA , Unknown or Invalid ,3.0," $1,583 "," $2,367 "," $525,000 ", $-   ," $525,000 ",131308.0,0.0022847046638437875
 Building Only , NORTH CAROLINA , X Zone ,5110.0," $2,504,183 "," $3,404,367 "," $1,060,398,000 ", $-   ," $1,060,398,000 ",131308.0,3.8916136107472505
 Contents Only , NORTH CAROLINA , All A Zones ,551.0," $637,724 "," $860,638 ", $-   ," $96,940,000 "," $96,940,000 ",131308.0,0.41962408992597555
 Contents Only , NORTH CAROLINA , All V Zones ,51.0," $18,118 "," $31,448 ", $-   ," $3,059,000 "," $3,059,000 ",131308.0,0.038839979285344384
 Contents Only , NORTH CAROLINA , Unknown or Invalid ,3.0," $1,170 "," $1,881 ", $-   ," $184,000 "," $184,000 ",131308.0,0.0022847046638437875
 Contents Only , NORTH CAROLINA , X Zone ,865.0," $417,685 "," $609,808 ", $-   ," $116,966,000 "," $116,966,000 ",131308.0,0.658756511408292
 Building & Contents , NORTH DAKOTA , All A Zones ,1716.0," $1,526,997 "," $1,884,724 "," $406,008,000 "," $153,277,000 "," $559,285,000 ",6277.0,27.337900270830012
 Building & Contents , NORTH DAKOTA , Emergency Program ,4.0," $2,058 "," $2,495 "," $140,000 "," $40,000 "," $180,000 ",6277.0,0.06372470925601402
 Building & Contents , NORTH DAKOTA , Unknown or Invalid ,11.0," $6,460 "," $8,029 "," $1,992,000 "," $685,000 "," $2,677,000 ",6277.0,0.17524295045403857
 Building & Contents , NORTH DAKOTA , X Zone ,3090.0," $2,261,641 "," $2,847,856 "," $759,798,000 "," $301,950,000 "," $1,061,748,000 ",6277.0,49.227337900270825
 Building Only , NORTH DAKOTA , All A Zones ,1220.0," $1,077,534 "," $1,371,959 "," $223,788,000 ", $-   ," $223,788,000 ",6277.0,19.436036323084277
 Building Only , NORTH DAKOTA , D Zone ,3.0," $1,009 "," $1,690 "," $460,000 ", $-   ," $460,000 ",6277.0,0.04779353194201051
 Building Only , NORTH DAKOTA , Unknown or Invalid ,1.0, $915 ," $1,096 "," $250,000 ", $-   ," $250,000 ",6277.0,0.015931177314003505
 Building Only , NORTH DAKOTA , X Zone ,195.0," $113,702 "," $163,995 "," $26,676,000 ", $-   ," $26,676,000 ",6277.0,3.1065795762306836
 Contents Only , NORTH DAKOTA , All A Zones ,2.0," $3,065 "," $4,100 ", $-   ," $731,000 "," $731,000 ",6277.0,0.03186235462800701
 Contents Only , NORTH DAKOTA , X Zone ,35.0," $18,408 "," $27,701 ", $-   ," $5,585,000 "," $5,585,000 ",6277.0,0.5575912059901227
 Building & Contents , OHIO , All A Zones ,5450.0," $7,717,831 "," $9,547,461 "," $1,074,186,000 "," $398,700,000 "," $1,472,886,000 ",23196.0,23.49543024659424
 Building & Contents , OHIO , All V Zones ,13.0," $10,357 "," $14,012 "," $2,932,000 "," $713,000 "," $3,645,000 ",23196.0,0.05604414554233488
 Building & Contents , OHIO , Emergency Program ,1.0, $923 ," $1,331 "," $100,000 "," $8,000 "," $108,000 ",23196.0,0.004311088118641145
 Building & Contents , OHIO , Unknown or Invalid ,94.0," $92,200 "," $116,651 "," $18,958,000 "," $7,030,000 "," $25,988,000 ",23196.0,0.4052422831522676
 Building & Contents , OHIO , X Zone ,6412.0," $4,854,382 "," $6,089,868 "," $1,391,492,000 "," $579,051,000 "," $1,970,543,000 ",23196.0,27.64269701672702
 Building Only , OHIO , All A Zones ,9897.0," $10,085,048 "," $12,660,441 "," $1,514,143,000 ", $-   ," $1,514,143,000 ",23196.0,42.66683911019141
 Building Only , OHIO , All V Zones ,17.0," $9,944 "," $13,666 "," $3,492,000 ", $-   ," $3,492,000 ",23196.0,0.07328849801689946
 Building Only , OHIO , D Zone ,1.0," $1,784 "," $2,122 "," $76,000 ", $-   ," $76,000 ",23196.0,0.004311088118641145
 Building Only , OHIO , Emergency Program ,2.0," $1,207 "," $1,682 "," $95,000 ", $-   ," $95,000 ",23196.0,0.00862217623728229
 Building Only , OHIO , Unknown or Invalid ,12.0," $18,657 "," $23,564 "," $2,632,000 ", $-   ," $2,632,000 ",23196.0,0.05173305742369374
 Building Only , OHIO , X Zone ,924.0," $583,741 "," $773,739 "," $160,832,000 ", $-   ," $160,832,000 ",23196.0,3.983445421624418
 Contents Only , OHIO , All A Zones ,155.0," $251,022 "," $328,926 ", $-   ," $38,787,000 "," $38,787,000 ",23196.0,0.6682186583893776
 Contents Only , OHIO , Unknown or Invalid ,3.0," $5,809 "," $7,579 ", $-   ," $796,000 "," $796,000 ",23196.0,0.012933264355923435
 Contents Only , OHIO , X Zone ,215.0," $125,136 "," $177,995 ", $-   ," $37,289,000 "," $37,289,000 ",23196.0,0.9268839455078461
 Building & Contents , OKLAHOMA , All A Zones ,2365.0," $3,122,501 "," $3,863,561 "," $477,131,000 "," $176,830,000 "," $653,961,000 ",9087.0,26.026191262242765
 Building & Contents , OKLAHOMA , D Zone ,2.0," $5,433 "," $6,894 "," $511,000 "," $361,000 "," $872,000 ",9087.0,0.022009464069549907
 Building & Contents , OKLAHOMA , Unknown or Invalid ,12.0," $10,375 "," $13,338 "," $2,753,000 "," $1,414,000 "," $4,167,000 ",9087.0,0.13205678441729946
 Building & Contents , OKLAHOMA , X Zone ,3220.0," $2,379,023 "," $2,985,207 "," $750,978,000 "," $302,954,000 "," $1,053,932,000 ",9087.0,35.43523715197535
 Building Only , OKLAHOMA , All A Zones ,3201.0," $3,218,146 "," $4,122,666 "," $512,370,400 ", $-   ," $512,370,400 ",9087.0,35.22614724331463
 Building Only , OKLAHOMA , Emergency Program ,1.0, $300 , $371 ," $35,000 ", $-   ," $35,000 ",9087.0,0.011004732034774953
 Building Only , OKLAHOMA , Unknown or Invalid ,5.0," $2,183 "," $3,109 "," $233,000 ", $-   ," $233,000 ",9087.0,0.055023660173874764
 Building Only , OKLAHOMA , X Zone ,198.0," $165,300 "," $226,276 "," $38,887,000 ", $-   ," $38,887,000 ",9087.0,2.1789369428854406
 Contents Only , OKLAHOMA , All A Zones ,37.0," $49,886 "," $67,128 ", $-   ," $10,117,000 "," $10,117,000 ",9087.0,0.4071750852866733
 Contents Only , OKLAHOMA , Unknown or Invalid ,1.0, $432 , $751 , $-   ," $500,000 "," $500,000 ",9087.0,0.011004732034774953
 Contents Only , OKLAHOMA , X Zone ,45.0," $34,112 "," $48,195 ", $-   ," $9,433,000 "," $9,433,000 ",9087.0,0.49521294156487283
 Building & Contents , OREGON , All A Zones ,5168.0," $6,149,153 "," $7,641,449 "," $1,244,395,000 "," $408,283,000 "," $1,652,678,000 ",23404.0,22.08169543667749
 Building & Contents , OREGON , All V Zones ,507.0," $492,158 "," $623,002 "," $92,246,000 "," $21,375,000 "," $113,621,000 ",23404.0,2.1662963595966502
 Building & Contents , OREGON , D Zone ,3.0," $5,655 "," $6,723 "," $750,000 "," $300,000 "," $1,050,000 ",23404.0,0.012818321654418048
 Building & Contents , OREGON , Unknown or Invalid ,111.0," $87,319 "," $112,291 "," $26,023,000 "," $10,276,000 "," $36,299,000 ",23404.0,0.4742779012134678
 Building & Contents , OREGON , X Zone ,8608.0," $5,465,903 "," $7,072,768 "," $2,124,800,000 "," $643,371,000 "," $2,768,171,000 ",23404.0,36.78003760041019
 Building Only , OREGON , All A Zones ,7668.0," $7,395,410 "," $9,384,662 "," $1,664,090,000 ", $-   ," $1,664,090,000 ",23404.0,32.76363014869253
 Building Only , OREGON , All V Zones ,136.0," $122,513 "," $155,625 "," $30,112,000 ", $-   ," $30,112,000 ",23404.0,0.5810972483336182
 Building Only , OREGON , D Zone ,4.0," $1,892 "," $2,973 "," $1,150,000 ", $-   ," $1,150,000 ",23404.0,0.017091095539224065
 Building Only , OREGON , Unknown or Invalid ,5.0," $11,938 "," $15,069 "," $1,250,000 ", $-   ," $1,250,000 ",23404.0,0.021363869424030082
 Building Only , OREGON , X Zone ,981.0," $527,576 "," $693,421 "," $194,251,000 ", $-   ," $194,251,000 ",23404.0,4.191591180994702
 Contents Only , OREGON , All A Zones ,103.0," $104,988 "," $143,817 ", $-   ," $26,042,000 "," $26,042,000 ",23404.0,0.4400957101350197
 Contents Only , OREGON , All V Zones ,19.0," $6,067 "," $11,746 ", $-   ," $890,000 "," $890,000 ",23404.0,0.0811827038113143
 Contents Only , OREGON , Unknown or Invalid ,1.0, $387 , $698 , $-   ," $500,000 "," $500,000 ",23404.0,0.004272773884806016
 Contents Only , OREGON , X Zone ,90.0," $42,067 "," $62,609 ", $-   ," $14,928,000 "," $14,928,000 ",23404.0,0.3845496496325414
 Building & Contents , PENNSYLVANIA , All A Zones ,12310.0," $21,673,705 "," $26,536,050 "," $2,483,375,000 "," $851,712,000 "," $3,335,087,000 ",43994.0,27.98108833022685
 Building & Contents , PENNSYLVANIA , All V Zones ,21.0," $26,245 "," $34,243 "," $4,883,000 "," $2,122,000 "," $7,005,000 ",43994.0,0.04773378187934718
 Building & Contents , PENNSYLVANIA , Unknown or Invalid ,45.0," $68,461 "," $85,575 "," $7,804,000 "," $3,401,000 "," $11,205,000 ",43994.0,0.10228667545574396
 Building & Contents , PENNSYLVANIA , X Zone ,13690.0," $12,550,956 "," $15,677,754 "," $3,026,393,000 "," $1,195,001,000 "," $4,221,394,000 ",43994.0,31.117879710869662
 Building Only , PENNSYLVANIA , All A Zones ,15691.0," $22,220,505 "," $27,448,695 "," $2,610,928,400 ", $-   ," $2,610,928,400 ",43994.0,35.66622721280174
 Building Only , PENNSYLVANIA , All V Zones ,31.0," $10,483 "," $12,697 "," $7,620,000 ", $-   ," $7,620,000 ",43994.0,0.07046415420284585
 Building Only , PENNSYLVANIA , Unknown or Invalid ,13.0," $22,304 "," $27,885 "," $2,004,200 ", $-   ," $2,004,200 ",43994.0,0.029549484020548255
 Building Only , PENNSYLVANIA , X Zone ,1224.0," $1,464,074 "," $1,899,809 "," $269,403,000 ", $-   ," $269,403,000 ",43994.0,2.7821975723962358
 Contents Only , PENNSYLVANIA , All A Zones ,491.0," $833,160 "," $1,085,319 ", $-   ," $101,689,000 "," $101,689,000 ",43994.0,1.1160612810837842
 Contents Only , PENNSYLVANIA , Unknown or Invalid ,4.0," $4,159 "," $5,874 ", $-   ," $703,000 "," $703,000 ",43994.0,0.009092148929399463
 Contents Only , PENNSYLVANIA , X Zone ,474.0," $400,336 "," $545,714 ", $-   ," $83,216,000 "," $83,216,000 ",43994.0,1.0774196481338365
 Building & Contents , PUERTO RICO , All A Zones ,909.0," $598,589 "," $797,766 "," $152,971,000 "," $53,294,000 "," $206,265,000 ",9438.0,9.631277813095995
 Building & Contents , PUERTO RICO , All V Zones ,35.0," $21,773 "," $30,997 "," $7,582,000 "," $3,504,000 "," $11,086,000 ",9438.0,0.370841279932189
 Building & Contents , PUERTO RICO , D Zone ,1.0, $856 ," $1,252 "," $250,000 "," $100,000 "," $350,000 ",9438.0,0.010595465140919687
 Building & Contents , PUERTO RICO , Unknown or Invalid ,8.0," $3,504 "," $5,167 "," $1,723,000 "," $619,000 "," $2,342,000 ",9438.0,0.0847637211273575
 Building & Contents , PUERTO RICO , X Zone ,669.0," $375,281 "," $496,275 "," $138,522,000 "," $47,729,000 "," $186,251,000 ",9438.0,7.08836617927527
 Building Only , PUERTO RICO , All A Zones ,5940.0," $3,484,178 "," $4,023,384 "," $980,152,800 ", $-   ," $980,152,800 ",9438.0,62.93706293706294
 Building Only , PUERTO RICO , All V Zones ,129.0," $90,320 "," $119,742 "," $26,393,200 ", $-   ," $26,393,200 ",9438.0,1.3668150031786395
 Building Only , PUERTO RICO , Unknown or Invalid ,18.0," $43,200 "," $43,200 "," $1,569,600 ", $-   ," $1,569,600 ",9438.0,0.19071837253655435
 Building Only , PUERTO RICO , X Zone ,1288.0," $166,138 "," $216,945 "," $247,470,000 ", $-   ," $247,470,000 ",9438.0,13.646959101504555
 Contents Only , PUERTO RICO , All A Zones ,279.0," $128,323 "," $198,337 ", $-   ," $29,563,000 "," $29,563,000 ",9438.0,2.9561347743165927
 Contents Only , PUERTO RICO , All V Zones ,5.0," $2,302 "," $3,923 ", $-   ," $737,000 "," $737,000 ",9438.0,0.052977325704598434
 Contents Only , PUERTO RICO , Unknown or Invalid ,7.0," $2,606 "," $4,541 ", $-   ," $1,151,000 "," $1,151,000 ",9438.0,0.07416825598643781
 Contents Only , PUERTO RICO , X Zone ,150.0," $54,601 "," $85,580 ", $-   ," $19,702,000 "," $19,702,000 ",9438.0,1.589319771137953
 Building & Contents , RHODE ISLAND , All A Zones ,2638.0," $3,664,336 "," $4,602,319 "," $649,347,000 "," $214,201,000 "," $863,548,000 ",11516.0,22.907259465092046
 Building & Contents , RHODE ISLAND , All V Zones ,804.0," $1,194,574 "," $1,508,704 "," $196,975,000 "," $55,606,000 "," $252,581,000 ",11516.0,6.981590830149358
 Building & Contents , RHODE ISLAND , Unknown or Invalid ,3.0," $2,664 "," $3,418 "," $875,000 "," $212,000 "," $1,087,000 ",11516.0,0.026050712052796108
 Building & Contents , RHODE ISLAND , X Zone ,3161.0," $2,436,848 "," $3,138,814 "," $774,922,000 "," $284,227,000 "," $1,059,149,000 ",11516.0,27.448766932962837
 Building Only , RHODE ISLAND , All A Zones ,3518.0," $3,341,485 "," $4,202,670 "," $792,037,600 ", $-   ," $792,037,600 ",11516.0,30.548801667245574
 Building Only , RHODE ISLAND , All V Zones ,685.0," $812,534 "," $1,030,374 "," $166,121,000 ", $-   ," $166,121,000 ",11516.0,5.948245918721779
 Building Only , RHODE ISLAND , Unknown or Invalid ,6.0," $3,204 "," $4,506 "," $1,336,000 ", $-   ," $1,336,000 ",11516.0,0.052101424105592216
 Building Only , RHODE ISLAND , X Zone ,530.0," $283,528 "," $365,149 "," $123,965,000 ", $-   ," $123,965,000 ",11516.0,4.602292462660646
 Contents Only , RHODE ISLAND , All A Zones ,80.0," $112,476 "," $148,896 ", $-   ," $14,785,000 "," $14,785,000 ",11516.0,0.6946856547412296
 Contents Only , RHODE ISLAND , All V Zones ,32.0," $35,207 "," $48,149 ", $-   ," $5,155,000 "," $5,155,000 ",11516.0,0.27787426189649184
 Contents Only , RHODE ISLAND , Unknown or Invalid ,1.0, $893 ," $1,295 ", $-   ," $500,000 "," $500,000 ",11516.0,0.00868357068426537
 Contents Only , RHODE ISLAND , X Zone ,58.0," $25,074 "," $38,874 ", $-   ," $7,707,000 "," $7,707,000 ",11516.0,0.5036470996873914
 Building & Contents , SOUTH CAROLINA , All A Zones ,61067.0," $57,522,754 "," $71,856,590 "," $14,496,681,000 "," $4,409,305,000 "," $18,905,986,000 ",198606.0,30.747812251392205
 Building & Contents , SOUTH CAROLINA , All V Zones ,2353.0," $4,112,486 "," $5,054,260 "," $518,589,000 "," $117,323,000 "," $635,912,000 ",198606.0,1.1847577615983405
 Building & Contents , SOUTH CAROLINA , Unknown or Invalid ,1535.0," $1,088,426 "," $1,395,159 "," $377,321,000 "," $149,646,000 "," $526,967,000 ",198606.0,0.7728870225471537
 Building & Contents , SOUTH CAROLINA , X Zone ,62781.0," $37,017,883 "," $46,691,853 "," $14,982,650,000 "," $5,488,815,000 "," $20,471,465,000 ",198606.0,31.610827467448114
 Building Only , SOUTH CAROLINA , All A Zones ,44028.0," $26,959,893 "," $33,893,374 "," $9,257,848,000 ", $-   ," $9,257,848,000 ",198606.0,22.168514546388327
 Building Only , SOUTH CAROLINA , All V Zones ,3440.0," $2,160,189 "," $2,623,148 "," $656,669,600 ", $-   ," $656,669,600 ",198606.0,1.7320725456431325
 Building Only , SOUTH CAROLINA , Unknown or Invalid ,337.0," $80,536 "," $108,332 "," $46,624,000 ", $-   ," $46,624,000 ",198606.0,0.16968268833771386
 Building Only , SOUTH CAROLINA , X Zone ,21190.0," $7,615,142 "," $9,790,175 "," $4,193,924,000 ", $-   ," $4,193,924,000 ",198606.0,10.669365477377319
 Contents Only , SOUTH CAROLINA , All A Zones ,642.0," $528,709 "," $715,719 ", $-   ," $78,794,000 "," $78,794,000 ",198606.0,0.32325307392525904
 Contents Only , SOUTH CAROLINA , All V Zones ,54.0," $48,189 "," $66,753 ", $-   ," $5,293,000 "," $5,293,000 ",198606.0,0.027189510890909638
 Contents Only , SOUTH CAROLINA , Unknown or Invalid ,23.0," $6,192 "," $10,613 ", $-   ," $1,607,000 "," $1,607,000 ",198606.0,0.011580717601683737
 Contents Only , SOUTH CAROLINA , X Zone ,1156.0," $529,921 "," $778,773 ", $-   ," $189,982,000 "," $189,982,000 ",198606.0,0.5820569368498434
 Building & Contents , SOUTH DAKOTA , All A Zones ,635.0," $804,437 "," $1,003,402 "," $130,996,000 "," $47,342,000 "," $178,338,000 ",2669.0,23.791682278006743
 Building & Contents , SOUTH DAKOTA , D Zone ,5.0," $3,604 "," $4,786 "," $1,106,000 "," $379,000 "," $1,485,000 ",2669.0,0.18733608092918697
 Building & Contents , SOUTH DAKOTA , Unknown or Invalid ,36.0," $28,312 "," $36,476 "," $7,264,000 "," $2,716,000 "," $9,980,000 ",2669.0,1.348819782690146
 Building & Contents , SOUTH DAKOTA , X Zone ,818.0," $862,502 "," $1,073,806 "," $195,413,000 "," $85,825,000 "," $281,238,000 ",2669.0,30.648182840014986
 Building Only , SOUTH DAKOTA , All A Zones ,1065.0," $1,124,791 "," $1,419,969 "," $169,357,600 ", $-   ," $169,357,600 ",2669.0,39.902585237916824
 Building Only , SOUTH DAKOTA , D Zone ,1.0, $262 , $326 ," $43,000 ", $-   ," $43,000 ",2669.0,0.03746721618583739
 Building Only , SOUTH DAKOTA , Unknown or Invalid ,2.0," $1,978 "," $2,367 "," $400,000 ", $-   ," $400,000 ",2669.0,0.07493443237167478
 Building Only , SOUTH DAKOTA , X Zone ,77.0," $68,292 "," $93,107 "," $15,717,000 ", $-   ," $15,717,000 ",2669.0,2.884975646309479
 Contents Only , SOUTH DAKOTA , All A Zones ,10.0," $9,527 "," $13,432 ", $-   ," $2,752,000 "," $2,752,000 ",2669.0,0.37467216185837393
 Contents Only , SOUTH DAKOTA , D Zone ,2.0," $1,201 "," $1,901 ", $-   ," $559,000 "," $559,000 ",2669.0,0.07493443237167478
 Contents Only , SOUTH DAKOTA , X Zone ,18.0," $14,747 "," $20,851 ", $-   ," $5,193,000 "," $5,193,000 ",2669.0,0.674409891345073
 Building & Contents , TENNESSEE , All A Zones ,6311.0," $8,851,499 "," $10,925,801 "," $1,446,972,000 "," $503,647,000 "," $1,950,619,000 ",23633.0,26.704184826302203
 Building & Contents , TENNESSEE , Unknown or Invalid ,13.0," $12,682 "," $15,629 "," $2,581,000 "," $1,033,000 "," $3,614,000 ",23633.0,0.05500782803706682
 Building & Contents , TENNESSEE , X Zone ,8615.0," $6,813,240 "," $8,523,469 "," $2,040,164,000 "," $826,573,000 "," $2,866,737,000 ",23633.0,36.45326450302543
 Building Only , TENNESSEE , All A Zones ,7347.0," $8,543,632 "," $10,849,766 "," $1,463,221,000 ", $-   ," $1,463,221,000 ",23633.0,31.087885583717682
 Building Only , TENNESSEE , Unknown or Invalid ,4.0," $5,908 "," $7,488 "," $1,001,000 ", $-   ," $1,001,000 ",23633.0,0.01692548554986671
 Building Only , TENNESSEE , X Zone ,947.0," $832,594 "," $1,103,156 "," $202,214,000 ", $-   ," $202,214,000 ",23633.0,4.007108703930944
 Contents Only , TENNESSEE , All A Zones ,186.0," $290,079 "," $380,247 ", $-   ," $48,612,000 "," $48,612,000 ",23633.0,0.7870350780688021
 Contents Only , TENNESSEE , X Zone ,210.0," $209,855 "," $282,160 ", $-   ," $46,920,000 "," $46,920,000 ",23633.0,0.8885879913680024
 Building & Contents , TEXAS , All A Zones ,135881.0," $157,900,584 "," $194,380,509 "," $30,396,507,000 "," $10,425,471,000 "," $40,821,978,000 ",639256.0,21.256116485414296
 Building & Contents , TEXAS , All V Zones ,8664.0," $13,693,277 "," $17,274,742 "," $1,956,551,000 "," $461,657,000 "," $2,418,208,000 ",639256.0,1.3553255659704406
 Building & Contents , TEXAS , D Zone ,5.0," $7,176 "," $8,776 "," $1,331,000 "," $432,000 "," $1,763,000 ",639256.0,0.0007821592601399127
 Building & Contents , TEXAS , Emergency Program ,101.0," $39,694 "," $57,284 "," $3,576,000 "," $988,000 "," $4,564,000 ",639256.0,0.015799617054826236
 Building & Contents , TEXAS , Unknown or Invalid ,20298.0," $15,172,519 "," $18,836,188 "," $4,576,589,000 "," $1,804,136,000 "," $6,380,725,000 ",639256.0,3.1752537324639896
 Building & Contents , TEXAS , X Zone ,381626.0," $288,100,641 "," $354,466,690 "," $90,577,107,000 "," $35,745,609,000 "," $126,322,716,000 ",639256.0,59.698461962030855
 Building Only , TEXAS , All A Zones ,61501.0," $55,944,723 "," $72,465,907 "," $12,545,876,800 ", $-   ," $12,545,876,800 ",639256.0,9.620715331572953
 Building Only , TEXAS , All V Zones ,3037.0," $4,059,596 "," $5,129,242 "," $640,119,200 ", $-   ," $640,119,200 ",639256.0,0.47508353460898295
 Building Only , TEXAS , D Zone ,1.0, $370 , $678 ," $131,000 ", $-   ," $131,000 ",639256.0,0.00015643185202798252
 Building Only , TEXAS , Emergency Program ,39.0," $13,060 "," $21,451 "," $2,033,000 ", $-   ," $2,033,000 ",639256.0,0.006100842229091318
 Building Only , TEXAS , Unknown or Invalid ,671.0," $424,742 "," $591,322 "," $126,357,400 ", $-   ," $126,357,400 ",639256.0,0.10496577271077627
 Building Only , TEXAS , X Zone ,16212.0," $10,495,719 "," $14,443,813 "," $3,350,098,000 ", $-   ," $3,350,098,000 ",639256.0,2.536073185077653
 Contents Only , TEXAS , All A Zones ,3252.0," $2,451,407 "," $3,397,126 ", $-   ," $431,749,000 "," $431,749,000 ",639256.0,0.5087163827949992
 Contents Only , TEXAS , All V Zones ,126.0," $101,512 "," $142,803 ", $-   ," $13,030,000 "," $13,030,000 ",639256.0,0.0197104133555258
 Contents Only , TEXAS , Unknown or Invalid ,411.0," $162,983 "," $245,035 ", $-   ," $52,612,000 "," $52,612,000 ",639256.0,0.06429349118350082
 Contents Only , TEXAS , X Zone ,7431.0," $3,736,489 "," $5,390,976 ", $-   ," $1,089,704,000 "," $1,089,704,000 ",639256.0,1.162445092419938
 Building & Contents , UTAH , All A Zones ,906.0," $769,751 "," $974,079 "," $229,033,000 "," $89,103,000 "," $318,136,000 ",4675.0,19.379679144385026
 Building & Contents , UTAH , All V Zones ,1.0, $663 ," $1,024 "," $250,000 "," $100,000 "," $350,000 ",4675.0,0.0213903743315508
 Building & Contents , UTAH , D Zone ,8.0," $3,563 "," $4,561 "," $1,656,000 "," $640,000 "," $2,296,000 ",4675.0,0.1711229946524064
 Building & Contents , UTAH , Emergency Program ,6.0," $2,127 "," $2,835 "," $260,000 "," $131,000 "," $391,000 ",4675.0,0.1283422459893048
 Building & Contents , UTAH , Unknown or Invalid ,136.0," $86,455 "," $113,268 "," $31,105,000 "," $12,335,000 "," $43,440,000 ",4675.0,2.909090909090909
 Building & Contents , UTAH , X Zone ,2231.0," $1,306,935 "," $1,664,036 "," $528,936,000 "," $205,149,000 "," $734,085,000 ",4675.0,47.721925133689844
 Building Only , UTAH , All A Zones ,1052.0," $619,308 "," $804,326 "," $248,136,000 ", $-   ," $248,136,000 ",4675.0,22.502673796791445
 Building Only , UTAH , D Zone ,1.0, $591 , $939 ," $500,000 ", $-   ," $500,000 ",4675.0,0.0213903743315508
 Building Only , UTAH , Unknown or Invalid ,5.0," $3,902 "," $5,812 "," $1,847,000 ", $-   ," $1,847,000 ",4675.0,0.10695187165775401
 Building Only , UTAH , X Zone ,281.0," $104,660 "," $140,056 "," $53,094,000 ", $-   ," $53,094,000 ",4675.0,6.010695187165775
 Contents Only , UTAH , All A Zones ,23.0," $17,617 "," $25,669 ", $-   ," $6,467,000 "," $6,467,000 ",4675.0,0.4919786096256685
 Contents Only , UTAH , Unknown or Invalid ,1.0, $308 , $380 , $-   ," $100,000 "," $100,000 ",4675.0,0.0213903743315508
 Contents Only , UTAH , X Zone ,24.0," $8,711 "," $12,479 ", $-   ," $3,712,000 "," $3,712,000 ",4675.0,0.5133689839572192
 Building & Contents , VERMONT , All A Zones ,801.0," $1,985,022 "," $2,442,420 "," $189,133,000 "," $77,064,000 "," $266,197,000 ",3886.0,20.61245496654658
 Building & Contents , VERMONT , Emergency Program ,3.0," $5,561 "," $6,837 "," $170,000 "," $115,000 "," $285,000 ",3886.0,0.07720020586721565
 Building & Contents , VERMONT , Unknown or Invalid ,140.0," $120,273 "," $154,354 "," $32,385,000 "," $12,585,000 "," $44,970,000 ",3886.0,3.602676273803397
 Building & Contents , VERMONT , X Zone ,996.0," $964,247 "," $1,242,889 "," $236,202,000 "," $95,728,000 "," $331,930,000 ",3886.0,25.630468347915595
 Building Only , VERMONT , All A Zones ,1489.0," $2,653,873 "," $3,236,208 "," $263,964,400 ", $-   ," $263,964,400 ",3886.0,38.3170355120947
 Building Only , VERMONT , D Zone ,1.0, $420 , $737 ," $250,000 ", $-   ," $250,000 ",3886.0,0.02573340195573855
 Building Only , VERMONT , Emergency Program ,4.0," $5,974 "," $6,218 "," $244,400 ", $-   ," $244,400 ",3886.0,0.1029336078229542
 Building Only , VERMONT , Unknown or Invalid ,26.0," $31,045 "," $39,015 "," $4,314,400 ", $-   ," $4,314,400 ",3886.0,0.6690684508492023
 Building Only , VERMONT , X Zone ,291.0," $139,560 "," $181,872 "," $57,513,000 ", $-   ," $57,513,000 ",3886.0,7.488419969119918
 Contents Only , VERMONT , All A Zones ,91.0," $119,463 "," $159,794 ", $-   ," $12,756,000 "," $12,756,000 ",3886.0,2.341739577972208
 Contents Only , VERMONT , Unknown or Invalid ,6.0," $6,710 "," $9,367 ", $-   ," $1,935,000 "," $1,935,000 ",3886.0,0.1544004117344313
 Contents Only , VERMONT , X Zone ,38.0," $30,286 "," $41,317 ", $-   ," $5,255,000 "," $5,255,000 ",3886.0,0.9778692743180649
 Building & Contents , VIRGIN ISLANDS , All A Zones ,219.0," $86,277 "," $122,531 "," $46,097,000 "," $14,233,000 "," $60,330,000 ",1485.0,14.747474747474747
 Building & Contents , VIRGIN ISLANDS , All V Zones ,109.0," $13,387 "," $19,930 "," $18,554,000 "," $2,713,000 "," $21,267,000 ",1485.0,7.34006734006734
 Building & Contents , VIRGIN ISLANDS , Unknown or Invalid ,1.0, $247 , $308 ," $121,000 "," $45,000 "," $166,000 ",1485.0,0.06734006734006734
 Building & Contents , VIRGIN ISLANDS , X Zone ,196.0," $81,193 "," $125,829 "," $54,208,000 "," $14,383,000 "," $68,591,000 ",1485.0,13.198653198653199
 Building Only , VIRGIN ISLANDS , All A Zones ,648.0," $178,841 "," $269,468 "," $136,781,000 ", $-   ," $136,781,000 ",1485.0,43.63636363636363
 Building Only , VIRGIN ISLANDS , All V Zones ,52.0," $22,801 "," $33,167 "," $10,029,000 ", $-   ," $10,029,000 ",1485.0,3.5016835016835017
 Building Only , VIRGIN ISLANDS , Unknown or Invalid ,2.0, $492 , $839 ," $58,000 ", $-   ," $58,000 ",1485.0,0.13468013468013468
 Building Only , VIRGIN ISLANDS , X Zone ,191.0," $29,163 "," $43,419 "," $40,619,000 ", $-   ," $40,619,000 ",1485.0,12.86195286195286
 Contents Only , VIRGIN ISLANDS , All A Zones ,40.0," $19,419 "," $31,451 ", $-   ," $10,269,000 "," $10,269,000 ",1485.0,2.6936026936026933
 Contents Only , VIRGIN ISLANDS , All V Zones ,3.0, $837 ," $1,712 ", $-   ," $432,000 "," $432,000 ",1485.0,0.20202020202020202
 Contents Only , VIRGIN ISLANDS , X Zone ,24.0," $6,743 "," $11,732 ", $-   ," $3,290,000 "," $3,290,000 ",1485.0,1.6161616161616161
 Building & Contents , VIRGINIA , All A Zones ,28738.0," $27,289,314 "," $33,937,676 "," $6,703,578,000 "," $1,939,620,000 "," $8,643,198,000 ",92562.0,31.047298027268212
 Building & Contents , VIRGINIA , All V Zones ,803.0," $551,411 "," $716,611 "," $198,921,000 "," $41,517,000 "," $240,438,000 ",92562.0,0.8675266307988159
 Building & Contents , VIRGINIA , D Zone ,1.0, $352 , $432 ," $250,000 "," $100,000 "," $350,000 ",92562.0,0.001080356949936259
 Building & Contents , VIRGINIA , Unknown or Invalid ,53.0," $51,578 "," $63,765 "," $11,336,000 "," $4,274,000 "," $15,610,000 ",92562.0,0.05725891834662172
 Building & Contents , VIRGINIA , X Zone ,35168.0," $19,786,372 "," $25,031,974 "," $8,290,648,000 "," $3,162,521,000 "," $11,453,169,000 ",92562.0,37.99399321535836
 Building Only , VIRGINIA , All A Zones ,22325.0," $16,155,254 "," $20,565,908 "," $4,803,845,600 ", $-   ," $4,803,845,600 ",92562.0,24.11896890732698
 Building Only , VIRGINIA , All V Zones ,576.0," $247,170 "," $320,177 "," $141,145,000 ", $-   ," $141,145,000 ",92562.0,0.6222856031632852
 Building Only , VIRGINIA , Unknown or Invalid ,4.0," $2,658 "," $3,853 "," $863,000 ", $-   ," $863,000 ",92562.0,0.004321427799745036
 Building Only , VIRGINIA , X Zone ,4093.0," $1,625,144 "," $2,170,199 "," $903,372,000 ", $-   ," $903,372,000 ",92562.0,4.421900996089108
 Contents Only , VIRGINIA , All A Zones ,329.0," $330,439 "," $435,854 ", $-   ," $54,047,000 "," $54,047,000 ",92562.0,0.3554374365290292
 Contents Only , VIRGINIA , All V Zones ,15.0," $5,681 "," $7,850 ", $-   ," $1,258,000 "," $1,258,000 ",92562.0,0.016205354249043884
 Contents Only , VIRGINIA , D Zone ,1.0, $243 , $528 , $-   ," $50,000 "," $50,000 ",92562.0,0.001080356949936259
 Contents Only , VIRGINIA , Unknown or Invalid ,1.0, $250 , $537 , $-   ," $53,000 "," $53,000 ",92562.0,0.001080356949936259
 Contents Only , VIRGINIA , X Zone ,455.0," $171,638 "," $249,235 ", $-   ," $61,361,000 "," $61,361,000 ",92562.0,0.4915624122209978
 Building & Contents , WASHINGTON , All A Zones ,8576.0," $9,867,282 "," $12,315,145 "," $2,098,856,000 "," $705,186,000 "," $2,804,042,000 ",29861.0,28.719734771106125
 Building & Contents , WASHINGTON , All V Zones ,604.0," $409,270 "," $526,949 "," $150,528,000 "," $41,862,000 "," $192,390,000 ",29861.0,2.0227052007635375
 Building & Contents , WASHINGTON , D Zone ,10.0," $20,435 "," $25,179 "," $2,285,000 "," $742,000 "," $3,027,000 ",29861.0,0.033488496701383076
 Building & Contents , WASHINGTON , Emergency Program ,1.0, $835 ," $1,002 "," $35,000 "," $10,000 "," $45,000 ",29861.0,0.003348849670138308
 Building & Contents , WASHINGTON , Unknown or Invalid ,761.0," $625,912 "," $795,703 "," $182,343,000 "," $71,846,000 "," $254,189,000 ",29861.0,2.5484745989752517
 Building & Contents , WASHINGTON , X Zone ,7182.0," $5,620,946 "," $7,124,108 "," $1,751,555,000 "," $678,326,000 "," $2,429,881,000 ",29861.0,24.051438330933326
 Building Only , WASHINGTON , All A Zones ,10507.0," $9,938,733 "," $12,613,112 "," $2,383,336,000 ", $-   ," $2,383,336,000 ",29861.0,35.18636348414319
 Building Only , WASHINGTON , All V Zones ,338.0," $175,221 "," $229,744 "," $75,188,000 ", $-   ," $75,188,000 ",29861.0,1.1319111885067479
 Building Only , WASHINGTON , D Zone ,2.0," $4,918 "," $5,836 "," $500,000 ", $-   ," $500,000 ",29861.0,0.006697699340276616
 Building Only , WASHINGTON , Emergency Program ,2.0," $1,036 "," $1,481 "," $90,000 ", $-   ," $90,000 ",29861.0,0.006697699340276616
 Building Only , WASHINGTON , Unknown or Invalid ,41.0," $62,342 "," $80,092 "," $10,534,000 ", $-   ," $10,534,000 ",29861.0,0.1373028364756706
 Building Only , WASHINGTON , X Zone ,1387.0," $807,909 "," $1,056,368 "," $291,653,000 ", $-   ," $291,653,000 ",29861.0,4.644854492481833
 Contents Only , WASHINGTON , All A Zones ,196.0," $222,035 "," $303,042 ", $-   ," $52,433,000 "," $52,433,000 ",29861.0,0.6563745353471082
 Contents Only , WASHINGTON , All V Zones ,6.0," $3,056 "," $4,605 ", $-   ," $561,000 "," $561,000 ",29861.0,0.020093098020829845
 Contents Only , WASHINGTON , Unknown or Invalid ,14.0," $14,685 "," $19,585 ", $-   ," $3,363,000 "," $3,363,000 ",29861.0,0.046883895381936304
 Contents Only , WASHINGTON , X Zone ,234.0," $210,493 "," $285,326 ", $-   ," $59,391,000 "," $59,391,000 ",29861.0,0.783630822812364
 Building & Contents , WEST VIRGINIA , All A Zones ,2507.0," $5,321,464 "," $6,505,091 "," $412,738,000 "," $162,159,000 "," $574,897,000 ",9366.0,26.767029681827886
 Building & Contents , WEST VIRGINIA , Unknown or Invalid ,26.0," $25,404 "," $31,533 "," $3,574,000 "," $1,365,000 "," $4,939,000 ",9366.0,0.2775998291693359
 Building & Contents , WEST VIRGINIA , X Zone ,1729.0," $2,042,960 "," $2,557,424 "," $351,395,000 "," $161,771,000 "," $513,166,000 ",9366.0,18.460388639760836
 Building Only , WEST VIRGINIA , All A Zones ,4732.0," $6,361,488 "," $7,770,004 "," $568,032,400 ", $-   ," $568,032,400 ",9366.0,50.52316890881914
 Building Only , WEST VIRGINIA , Unknown or Invalid ,3.0," $4,368 "," $5,879 "," $255,000 ", $-   ," $255,000 ",9366.0,0.032030749519538756
 Building Only , WEST VIRGINIA , X Zone ,273.0," $382,901 "," $491,886 "," $44,799,000 ", $-   ," $44,799,000 ",9366.0,2.914798206278027
 Contents Only , WEST VIRGINIA , All A Zones ,67.0," $122,088 "," $158,222 ", $-   ," $11,008,000 "," $11,008,000 ",9366.0,0.7153534059363655
 Contents Only , WEST VIRGINIA , X Zone ,29.0," $25,020 "," $34,280 ", $-   ," $4,399,000 "," $4,399,000 ",9366.0,0.30963057868887467
 Building & Contents , WISCONSIN , All A Zones ,2135.0," $2,611,663 "," $3,281,780 "," $447,939,000 "," $159,088,000 "," $607,027,000 ",10583.0,20.17386374373996
 Building & Contents , WISCONSIN , All V Zones ,3.0," $2,146 "," $3,032 "," $588,000 "," $217,000 "," $805,000 ",10583.0,0.028347349522819615
 Building & Contents , WISCONSIN , D Zone ,1.0, $341 , $419 ," $200,000 "," $69,000 "," $269,000 ",10583.0,0.009449116507606539
 Building & Contents , WISCONSIN , Unknown or Invalid ,32.0," $23,843 "," $30,687 "," $7,143,000 "," $3,205,000 "," $10,348,000 ",10583.0,0.30237172824340924
 Building & Contents , WISCONSIN , X Zone ,3801.0," $2,685,321 "," $3,434,810 "," $832,535,000 "," $319,738,000 "," $1,152,273,000 ",10583.0,35.91609184541246
 Building Only , WISCONSIN , All A Zones ,4020.0," $3,763,057 "," $4,792,923 "," $614,823,000 ", $-   ," $614,823,000 ",10583.0,37.98544836057828
 Building Only , WISCONSIN , All V Zones ,5.0," $2,543 "," $3,983 "," $1,250,000 ", $-   ," $1,250,000 ",10583.0,0.047245582538032696
 Building Only , WISCONSIN , Emergency Program ,3.0, $899 ," $1,110 "," $105,000 ", $-   ," $105,000 ",10583.0,0.028347349522819615
 Building Only , WISCONSIN , Unknown or Invalid ,10.0," $8,688 "," $12,665 "," $1,755,000 ", $-   ," $1,755,000 ",10583.0,0.09449116507606539
 Building Only , WISCONSIN , X Zone ,462.0," $234,843 "," $321,435 "," $65,875,000 ", $-   ," $65,875,000 ",10583.0,4.365491826514221
 Contents Only , WISCONSIN , All A Zones ,39.0," $44,132 "," $60,370 ", $-   ," $11,290,000 "," $11,290,000 ",10583.0,0.368515543796655
 Contents Only , WISCONSIN , X Zone ,72.0," $40,173 "," $56,922 ", $-   ," $11,443,000 "," $11,443,000 ",10583.0,0.6803363885476709
 Building & Contents , WYOMING , All A Zones ,324.0," $409,849 "," $512,838 "," $77,081,000 "," $29,551,000 "," $106,632,000 ",1636.0,19.80440097799511
 Building & Contents , WYOMING , D Zone ,7.0," $12,360 "," $15,151 "," $2,250,000 "," $1,500,000 "," $3,750,000 ",1636.0,0.4278728606356968
 Building & Contents , WYOMING , Unknown or Invalid ,22.0," $18,935 "," $23,831 "," $4,717,000 "," $1,874,000 "," $6,591,000 ",1636.0,1.3447432762836184
 Building & Contents , WYOMING , X Zone ,669.0," $501,105 "," $654,932 "," $160,439,000 "," $59,294,000 "," $219,733,000 ",1636.0,40.89242053789731
 Building Only , WYOMING , All A Zones ,542.0," $537,453 "," $689,465 "," $95,481,000 ", $-   ," $95,481,000 ",1636.0,33.12958435207824
 Building Only , WYOMING , Unknown or Invalid ,1.0, $750 , $902 ," $82,000 ", $-   ," $82,000 ",1636.0,0.061124694376528114
 Building Only , WYOMING , X Zone ,62.0," $40,079 "," $57,217 "," $14,082,000 ", $-   ," $14,082,000 ",1636.0,3.7897310513447433
 Contents Only , WYOMING , All A Zones ,1.0, $583 , $929 , $-   ," $80,000 "," $80,000 ",1636.0,0.061124694376528114
 Contents Only , WYOMING , D Zone ,1.0," $1,019 "," $1,444 ", $-   ," $400,000 "," $400,000 ",1636.0,0.061124694376528114
 Contents Only , WYOMING , X Zone ,7.0," $2,171 "," $4,027 ", $-   ," $557,000 "," $557,000 ",1636.0,0.4278728606356968
 GRAND TOTAL ,,,4684736.0," $4,097,252,107 "," $5,103,985,036 "," $1,042,641,718,200 "," $243,439,774,000 "," $1,286,081,492,200 ",,
,,,,,,,,,,
,,,,,,,,,,
,,,,,,,,,,
,,,,,,,,,,
,,,,,,,,,,
